,code,name,latitude,longitude
0,6209,Milton / Clark,45.51252,-73.57062
1,6436,Côte St-Antoine / Clarke,45.48645209646392,-73.59523415565491
2,6214,Square St-Louis,45.51735,-73.56906
3,6248,St-Dominique / Rachel,45.518593,-73.581566
4,6164,Chambord / Laurier,45.5329550401632,-73.58419418334961
5,6216,Parc Jeanne Mance (monument George-Étienne Cartier),45.51496,-73.58503
6,6082,6e avenue / Rosemont,45.550613,-73.582883
7,6149,Chapleau / du Mont-Royal,45.53867,-73.56936
8,6265,Parthenais / Laurier,45.539259,-73.577338
9,6211,Roy / St-Laurent,45.51561,-73.57569
10,6252,Mozart / St-Laurent,45.53318,-73.61544
11,6233,Bernard / Jeanne-Mance,45.52429587282263,-73.60484719276428
12,6064,de Maisonneuve / Stanley,45.50038,-73.57507
13,6408,Métro George-Vanier (St-Antoine / Canning),45.4891,-73.57656
14,6068,Mansfield / Sherbrooke,45.50297,-73.57505
15,6093,Atwater / Sherbrooke,45.49132174886071,-73.58780980110168
16,6253,Lajeunesse / Jean-Talon,45.53973680304488,-73.61425638198853
17,6336,Faillon / St-Hubert,45.54279435304991,-73.6181053519249
18,6223,du Mont-Royal / du Parc,45.517,-73.589
19,6062,Drummond / Ste-Catherine,45.49863930330429,-73.57422709465027
20,6434,Victoria / de Maisonneuve,45.47742856483265,-73.60016942024231
21,6099,Bishop / de Maisonneuve,45.49741095430152,-73.57827052474022
22,6280,Fairmount / St-Dominique,45.524504989237535,-73.59414249658585
23,6912,de Châteaubriand / Beaubien,45.5353406,-73.60365897
24,6231,St-Viateur/Parc,45.52223310369562,-73.60208183526993
25,6206,Prince-Arthur / du Parc,45.51059,-73.57547
26,6411,Clark / Prince-Arthur,45.513338,-73.57295
27,6227,de l'Esplanade / Laurier,45.521116220989526,-73.59478354454039
28,6100,Mackay /de Maisonneuve (Sud),45.49659,-73.57851
29,6364,Chambly / Rachel,45.54991069359101,-73.55826258659361
30,6380,Parc J.-Arthur-Champagne (Chambly / du Mont-Royal),45.551584,-73.561916
31,6373,7e avenue / St-Joseph,45.547226645250745,-73.56986984610558
32,6176,St-André / Duluth,45.523171,-73.573431
33,6110,Poupart / Ste-Catherine,45.529033,-73.54641
34,6113,Alexandre-DeSève / de Maisonneuve,45.5219,-73.55534
35,6059,Metcalfe / Ste-Catherine,45.50068473942228,-73.57215642929077
36,6198,Hélène-Baillargeon / St-Denis,45.52974,-73.59527
37,6221,du Mont-Royal / Clark,45.51941,-73.58685
38,6020,Sanguinet / Ontario,45.514784,-73.565338
39,6203,Hutchison / Sherbrooke,45.50781,-73.57208
40,6146,du Parc-La Fontaine / Roy,45.52290738118557,-73.56836378574371
41,6734,Lajeunesse / Villeray (place Tapéo),45.54211889,-73.6225471
42,6080,Mackay / René-Lévesque,45.49449932378212,-73.57417345046997
43,6137,Gauthier / Papineau,45.52969260094507,-73.56740087270737
44,6042,de la Gauchetière / Robert-Bourassa,45.500675,-73.565354
45,6410,Lajeunesse / Crémazie,45.54640752148169,-73.63842844963074
46,6917,Basile-Routhier / Chabanel,45.54993323340168,-73.64764451980591
47,6372,1ère avenue / Masson,45.5451997,-73.57645065
48,6374,Laurier / 15e avenue,45.553408,-73.569531
49,6060,Mansfield / René-Lévesque,45.50015,-73.56928
50,6157,de la Roche / du Mont-Royal,45.5287456,-73.57865408
51,6061,Ste-Catherine / McGill College,45.50176,-73.57128
52,6148,Émile-Duployé / Sherbrooke,45.52729,-73.56463
53,6350,Island / Centre,45.48149081388884,-73.56475353240967
54,6163,Marquette / Laurier,45.53543,-73.5822
55,6184,Métro Mont-Royal (Rivard / du Mont-Royal),45.524673,-73.58255
56,6213,Duluth / St-Laurent,45.5171,-73.57921
57,6067,de Maisonneuve / Robert-Bourassa,45.503475,-73.572103
58,6169,Boyer / du Mont-Royal,45.52742616970635,-73.57991807162762
59,6901,Ste-Catherine / St-Denis,45.51383004514541,-73.56043249368668
60,6128,Hogan / Ontario,45.53529548038031,-73.55116009712219
61,6124,Poupart / Ontario,45.531834,-73.553478
62,6041,St-Jacques / Gauvin,45.500674,-73.561082
63,6049,Queen / Wellington,45.49759505413604,-73.55523705482483
64,6142,Calixa-Lavallée / Rachel,45.527791,-73.572056
65,6147,Calixa-Lavallée / Sherbrooke,45.52479,-73.56545
66,6395,Pierre-de-Coubertin / Aird,45.55896,-73.548687
67,6152,Chabot / du Mont-Royal,45.53413436610843,-73.57349216938019
68,6138,Gauthier / De Lorimier,45.531818,-73.565317
69,6276,Chambord / Bélanger,45.542983030174845,-73.6063814163208
70,6019,Berri / Sherbrooke,45.5179101,-73.56714338
71,6012,Métro St-Laurent (de Maisonneuve / St-Laurent),45.51066,-73.56497
72,6034,St-Urbain / René-Lévesque,45.5079,-73.563112
73,6057,Peel / avenue des Canadiens de Montréal,45.497697,-73.568646
74,6085,Notre-Dame / Peel,45.4952,-73.56328
75,6140,Marquette / Rachel,45.5298015824607,-73.5702896118164
76,6902,Montcalm / Ontario,45.5210937,-73.56225103
77,6175,St-André / Cherrier,45.520578,-73.567733
78,6141,de Bordeaux / Rachel,45.53227,-73.56828
79,6154,Marquette / du Mont-Royal,45.53229,-73.57544
80,6268,Chambord / Beaubien,45.539932183126695,-73.59934329986572
81,6906,de St-Vallier / Rosemont,45.5319173,-73.59798342
82,6153,Cartier / Marie-Anne,45.532674,-73.571776
83,6088,Guy / Notre-Dame,45.489951,-73.567091
84,6165,Brébeuf / Laurier,45.53248,-73.58507
85,6114,Métro Papineau (Cartier / Ste-Catherine),45.52353,-73.55199
86,6118,Champlain / Ontario,45.52504753729988,-73.56003552675247
87,6117,Robin / de la Visitation,45.52087,-73.55922
88,6201,Villeneuve / de l'Hôtel-de-Ville,45.52352540631033,-73.58750939369202
89,6235,St-Dominique / St-Viateur,45.52654331973003,-73.59823286533356
90,6183,Laval / du Mont-Royal,45.52241290921658,-73.58412981033325
91,6267,de Bordeaux / Beaubien,45.54475,-73.5949
92,6414,Laporte / Guay,45.48007342327107,-73.58547896146774
93,6314,de Lanaudière / Marie-Anne,45.529219,-73.574777
94,6182,de Bullion / du Mont-Royal,45.5215,-73.5851
95,6273,Cartier / Bélanger,45.546939,-73.602616
96,6166,Brébeuf / St-Grégoire,45.5341,-73.58852
97,6109,Quai de la navette fluviale,45.51341276005555,-73.53825330734253
98,6275,Chambord / Jean-Talon,45.544828,-73.610458
99,6047,University / Prince-Arthur,45.50766169576538,-73.57885992183583
100,6180,Place de la paix ( Pl. du marché / St-Dominique ),45.5096853,-73.56231675
101,6904,Fabre / Beaubien,45.542055,-73.597793
102,6269,Bercy / Ontario,45.53431097726852,-73.54996919631958
103,6249,Bélanger / St-Denis,45.53696,-73.61199
104,6155,Garnier / du Mont-Royal,45.53092,-73.57674
105,6015,Berri / de Maisonneuve,45.515299,-73.561273
106,6368,10e avenue / Masson,45.55031640880025,-73.57335805892944
107,6087,Notre-Dame / de la Montagne,45.49302901258371,-73.56481790542603
108,6039,McGill / des Récollets,45.500779,-73.558826
109,6083,Square Phillips,45.50409488772675,-73.56869637966156
110,6134,Gascon / Rachel,45.537964,-73.562643
111,6001,Hôtel-de-Ville 2 (du Champs-de-Mars / Gosford),45.50931028555171,-73.55443105101585
112,6174,Roy / St-Denis,45.51908,-73.5727
113,6078,de Maisonneuve / de Bleury,45.50708,-73.56917
114,6048,Queen / Ottawa,45.4979738,-73.55614096
115,6014,St-Denis / de Maisonneuve,45.513917296074005,-73.56076508760452
116,6179,Duluth / St-Denis,45.52060423232697,-73.57598394155502
117,6191,St-Zotique / Clark,45.531401,-73.612674
118,6194,Tupper / Atwater,45.48885477417901,-73.58359336853027
119,6003,Evans / Clark,45.511119,-73.567974
120,6053,Belmont / Beaver Hall,45.502326,-73.565138
121,6215,St-Cuthbert / St-Urbain,45.51494,-73.57821
122,6032,Métro Place-d'Armes (Viger / St-Urbain),45.50623,-73.55976
123,6091,Joseph Manceau / René-Lévesque,45.49172173024755,-73.57688951320596
124,6202,Ste-Famille / Sherbrooke,45.510016,-73.570654
125,6322,St-Dominique / Villeray,45.537813,-73.624872
126,6224,Villeneuve / du Parc,45.51829,-73.59235
127,6205,Milton / du Parc,45.50971,-73.57354
128,6424,Président-Kennedy / McGill College,45.503063,-73.573986
129,6016,Jacques-Le Ber / de la Pointe Nord,45.472503,-73.539285
130,6173,Berri / Cherrier,45.5191458,-73.5692414
131,6027,de Maisonneuve / Mansfield,45.5022921,-73.57325211
132,6274,de la Roche / St-Joseph,45.531164,-73.583695
133,6104,Wolfe / René-Lévesque,45.516872646826776,-73.55417490005493
134,6207,Ste-Famille / des Pins,45.51281294953485,-73.57701659202576
135,6127,Henri-Julien / de Castelneau,45.537877,-73.618323
136,6105,Plessis / René-Lévesque,45.519376,-73.55195135
137,6145,du Parc-La Fontaine / Duluth,45.52456565105688,-73.57207864522934
138,6181,Clark / Rachel,45.5173538,-73.58212888
139,6043,Square Victoria,45.50206,-73.56295
140,6009,Ste-Catherine / St-Hubert,45.51533014906273,-73.55914771556854
141,6403,Georges-Vanier / Notre-Dame,45.4848591377443,-73.5715851187706
142,6332,de Gaspé / de Liège,45.542579,-73.636557
143,6036,de la Commune / St-Sulpice,45.5042453,-73.55354458
144,6186,St-André / Laurier,45.52955900967215,-73.5876018932322
145,6413,Square Phillips 2,45.50345009602768,-73.56840401887894
146,6132,Larivière / de Lorimier,45.52915520624575,-73.559410572052
147,6432,de Maisonneuve / Greene,45.48697062,-73.58929306
148,6029,Bel Air / St-Antoine,45.482779,-73.58452544
149,6262,de la Roche /  de Bellechasse,45.53715922533132,-73.59747648239136
150,6418,de Vendôme / de Maisonneuve,45.47422369503188,-73.60372066497803
151,6258,Parc Père-Marquette (Chambord / Rosemont),45.53702583434782,-73.59316617250443
152,6196,Villeneuve / St-Laurent,45.52129287302808,-73.58936548233031
153,6916,Parc du Pélican (2e avenue / St-Joseph),45.544513,-73.571564
154,6035,Viger/Jeanne Mance,45.504803,-73.5612
155,6040,St-Jacques / St-Pierre,45.5028,-73.55917
156,6247,St-Dominique / St-Zotique,45.53228145673193,-73.61099146306515
157,6271,Casgrain / de Bellechasse,45.529993,-73.604214
158,6747,Waverly / St-Zotique,45.5306,-73.614616
159,6011,St-André / St-Antoine,45.5140873,-73.55230004
160,6065,de la Montagne / Sherbrooke,45.4996771,-73.57884854
161,6277,Elsdale/ Louis-Hebert,45.54918032376485,-73.59385818243027
162,6381,Omer-Lavallée / Midway,45.5457759528664,-73.56217458844185
163,6219,de l'Hôtel-de-Ville / Roy,45.51733310325783,-73.57443630695343
164,6133,Terrasse Mercure / Fullum,45.535614,-73.566014
165,6371,4e avenue / Masson,45.546978,-73.575515
166,6106,René-Lévesque / Papineau,45.52114,-73.54926
167,6046,de la Gauchetière / Mansfield,45.49871,-73.56671
168,6185,des Érables / Bélanger,45.5491255,-73.60091239
169,6195,de Bullion / St-Joseph,45.5240365462478,-73.59014332294464
170,6050,de la Commune / McGill,45.4986731,-73.55256289
171,6131,Fullum / Sherbrooke ,45.533924,-73.562425
172,6335,du Rosaire / St-Hubert,45.54467,-73.621581
173,6421,Cartier / Rosemont,45.541198,-73.590943
174,6200,Maguire / St-Laurent,45.52457,-73.59588
175,6129,de Bordeaux / Sherbrooke,45.53002706078813,-73.56317639350891
176,6212,Duluth / de l'Esplanade,45.51517174448816,-73.58100235462189
177,6259,Dandurand / de Lorimier,45.540881,-73.584157
178,6376,16e avenue / St-Joseph,45.55292309731551,-73.56575198471546
179,6022,Angus (Molson / William-Tremblay),45.54172920185872,-73.56549382209778
180,6281,Resther / St-Joseph,45.5277271,-73.58628362
181,6031,St-Antoine / St-François-Xavier,45.50449,-73.5592
182,6229,Coloniale / du Mont-Royal,45.521155685854765,-73.58558893203735
183,6111,Parthenais / Ste-Catherine,45.52620613795135,-73.54925036430359
184,6121,Rouen / du Havre,45.534863725133626,-73.55545459320638
185,6349,Ryde / Charlevoix,45.4757434,-73.5646007
186,6024,des Érables / Sherbrooke,45.531367,-73.562624
187,6234,Bernard / Clark,45.52697,-73.60261
188,6344,St-Dominique / Jean-Talon,45.535189,-73.617459
189,6908,de Bellechasse / de St-Vallier,45.5331949357227,-73.60117256641388
190,6086,Shannon / Ottawa,45.49457934841001,-73.55875611305237
191,6103,Lespérance / Rouen,45.538799,-73.552496
192,6073,de Maisonneuve / Aylmer,45.50501,-73.57069
193,6075,University / des Pins,45.508356,-73.580498
194,6013,Sanguinet / de Maisonneuve,45.51339,-73.56255
195,6119,Dorion / Ontario,45.52697,-73.558021
196,6037,St-Nicolas / Place d'Youville,45.50197437877896,-73.55515658855438
197,6913,Drolet / Beaubien,45.533348,-73.605834
198,6377,Grand Trunk / Hibernia,45.47968,-73.56385
199,6260,Dandurand / Papineau,45.538589,-73.586302
200,6096,Lucien L'Allier / St-Jacques,45.49356916133978,-73.56857568025589
201,6197,Bordeaux / Masson,45.53895775569034,-73.58243197202682
202,6257,de St-Vallier / St-Zotique,45.536299,-73.607773
203,6924,de Bordeaux / Jean-Talon,45.54970407823863,-73.60551238059998
204,6218,Prince-Arthur / St-Urbain,45.5126137,-73.57372552
205,6327,Faillon / St-Denis,45.53985704,-73.62038255
206,6108,Logan / Fullum,45.528448693514136,-73.55108499526978
207,6008,Sanguinet / Ste-Catherine,45.512734,-73.5611406
208,6329,Gounod / St-Denis,45.54176571696572,-73.62612783908844
209,6126,Rouen / Fullum,45.53217,-73.55859
210,5007,Métro Longueuil - Université de Sherbrooke,45.523854,-73.519677
211,6324,de Liège / Lajeunesse,45.54554155627702,-73.6347484588623
212,6251,de Gaspé / Dante,45.534377,-73.612278
213,6066,Mansfield / Ste-Catherine,45.5014018,-73.5718136
214,6925,des Écores / Jean-Talon,45.55244260913485,-73.60300183296204
215,6334,Lajeunesse / Jarry,45.543583,-73.6284
216,6084,Lambert-Closse / Tupper,45.489609,-73.582445
217,6928,Louis-Colin / McKenna,45.500035,-73.618105
218,6405,Duvernay / Charlevoix,45.48203995,-73.57486278
219,6090,Métro Lucien-L'Allier  (Lucien l'Allier / Argyle),45.49486,-73.57108
220,6396,Métro Pie-IX (Pierre-de-Coubertin / Pie-IX),45.553879,-73.551761
221,6021,de l'Hôtel-de-Ville / Sherbrooke,45.51453083866944,-73.56847107410431
222,6122,Logan / d'Iberville,45.53057,-73.54913
223,6321,Gary-Carter / St-Laurent,45.536123205883136,-73.62244516611099
224,6362,1ère avenue / Rosemont,45.547997,-73.58523
225,6433,Hillside / Ste-Catherine,45.4829,-73.591
226,6261,Louis Hémon / Rosemont,45.54458,-73.588069
227,6323,Guizot / St-Laurent,45.53963159810423,-73.63444805145264
228,6915,Alma / Beaubien,45.53237205692519,-73.60643248568522
229,5006,Collège Édouard-Montpetit,45.53722603812578,-73.49506705999374
230,6415,Wilson / Sherbrooke,45.4703,-73.6162
231,6058,Cypress / Peel,45.49932551028458,-73.57176750898361
232,6266,Louis-Hébert / Beaubien,45.54816007401565,-73.5920262336731
233,6063,Drummond / de Maisonneuve,45.49947,-73.57591
234,6236,Laurier / Bordeaux,45.53725879867612,-73.57917040586472
235,6246,Métro Outremont (Wiseman / Van Horne),45.520294969655005,-73.61482366919518
236,6394,Valois / Ontario,45.54730353,-73.5438269
237,6168,Marmier / St-Denis,45.530871318676006,-73.59834551811218
238,6112,Montcalm / de Maisonneuve,45.519157,-73.55786
239,6386,Métro Préfontaine (Moreau / Hochelaga),45.5414350841351,-73.55431437492369
240,6333,Leman / de Chateaubriand,45.547218,-73.631103
241,6171,Wolfe / Robin,45.5195,-73.560269
242,6018,St-André / Ontario,45.51889,-73.56353
243,6264,Chabot / de Bellechasse,45.5427,-73.59212
244,6092,Crescent / René-Lévesque,45.49606,-73.57348
245,6435,Victoria Hall,45.4816,-73.6
246,6270,Fabre / St-Zotique,45.543541,-73.600982
247,6361,1ère avenue / Beaubien,45.550476,-73.590446
248,6007,de l'Hôtel-de-Ville / Ste-Catherine,45.51164009357107,-73.5621839761734
249,6101,Métro Villa Maria (Décarie / Monkland),45.479483,-73.61979
250,6375,Métro Place St-Henri (St-Ferdinand / St-Jacques),45.477249,-73.587238
251,6402,Square Sir-Georges-Etienne-Cartier / Ste-Émilie,45.47266800851548,-73.585389778018
252,6731,28e avenue / Rosemont,45.564353,-73.571244
253,6002,Ste-Catherine / Dézéry,45.53923029698213,-73.54108236730099
254,6250,Henri-Julien / Jean-Talon,45.53707,-73.61529
255,6359,Parc Plage,45.502602268297935,-73.52750301361084
256,6716,Francis / Fleury,45.563947,-73.655573
257,6718,Grand Boulevard / Sherbrooke,45.466569,-73.623295
258,6340,De La Roche / Everett,45.544867,-73.614841
259,6409,Lionel-Groulx / George-Vanier,45.48627862584162,-73.57359945774078
260,6367,3e avenue / Dandurand,45.547362,-73.579221
261,6422,Fleury / Lajeunesse,45.5536,-73.6616
262,6210,Métro Sauvé (Sauvé / Berri),45.55069206841976,-73.65636706352234
263,6741,Notre-Dame / Chatham,45.48691857455084,-73.56942862272263
264,6272,Bordeaux / St-Zotique,45.546405643046654,-73.5984206199646
265,6025,Notre-Dame / St-Gabriel,45.50714391928411,-73.55511903762817
266,6167,Marquette / St-Grégoire,45.53703,-73.58584
267,6398,Desjardins / Ontario,45.551119,-73.540764
268,6038,McGill / Place d'Youville,45.49975,-73.55566
269,6407,Métro Lionel-Groulx (Lionel-Groulx / Charlevoix),45.48392802,-73.57731164
270,6735,François-Perrault / L.-O.-David,45.561396,-73.601544
271,6360,8e avenue / Beaubien,45.553215,-73.58752
272,6728,Champagneur / Jean-Talon,45.526904,-73.624331
273,6278,Louis-Hébert / St-Zotique,45.55001,-73.59576
274,6393,Dézéry / Ontario,45.54094394520117,-73.54714214801788
275,6903,Napoléon /  St-Dominique,45.516777,-73.577784
276,6918,9e avenue / Dandurand,45.550769,-73.57711
277,6732,Fortune/wellington,45.477923,-73.559038
278,6313,Palm / St-Remi,45.470303,-73.589848
279,6724,Square Sir-Georges-Étienne-Cartier / Léa Roback,45.471926,-73.58247
280,6307,Laval / Rachel,45.520018,-73.579463
281,6120,Ontario / du Havre,45.5336609,-73.5521968
282,6316,Parc Jean-Brillant (Swail / Decelles),45.497011,-73.618575
283,6711,Alexandra / Waverly,45.531938,-73.617842
284,5002,St-Charles / Châteauguay,45.5332,-73.5156
285,6397,Marché Maisonneuve,45.55319389744088,-73.5398143529892
286,6347,Métro St-Michel (Shaughnessy / St-Michel),45.559199,-73.599658
287,6306,du Mont-Royal / Vincent-d'Indy,45.510086,-73.611429
288,6369,West Broadway / Sherbrooke,45.45635829051657,-73.64013027457986
289,6721,Cadillac / Sherbrooke,45.57713595014113,-73.54628920555115
290,6723,26e avenue / Beaubien,45.564944,-73.577639
291,6730,35e avenue / Beaubien,45.570081,-73.573047
292,6076,Ville-Marie / Ste-Catherine,45.55806260336831,-73.52940759679768
293,6720,Ontario / Viau,45.5594818,-73.535496
294,6404,Quesnel / Vinet,45.485889,-73.577514
295,6357,12e avenue / St-Zotique,45.556905,-73.58925
296,6189,Chabot / Everett,45.550697703294965,-73.60953032970428
297,6310,de Darlington / de la Côte-Ste-Catherine,45.50540324702016,-73.62116575241089
298,6919,10e Avenue / Rosemont,45.552649,-73.581185
299,6750,des Érables / Rachel,45.5334955551535,-73.56693148612976
300,6927,Édouard-Montpetit / Stirling,45.50723,-73.615085
301,6710,Georges-Baril / Fleury,45.558457,-73.65884
302,6708,de la Gauchetière / de Bleury,45.504561,-73.56279
303,6709,Le Caron / Marc-Sauvalle ,45.461685,-73.584039
304,6746,Métro Acadie (de l'Acadie / Beaumont),45.52341265422832,-73.623526096344
305,6301,Parc Outremont (Bloomfield / Elmwood),45.518215,-73.603251
306,6279,Louis-Hébert / Bélanger,45.55158237169131,-73.59915554523468
307,6033,16e avenue / Beaubien,45.55848140595217,-73.58330368995667
308,6719,Park Row O / Sherbrooke,45.46072936353252,-73.63407254219055
309,6355,Ontario / Sicard,45.5566,-73.5373
310,6733,Rousselot / Villeray,45.548931,-73.616837
311,6315,Lacombe / de la Côte-des-Neiges,45.4968505432976,-73.62331956624985
312,6737,Jacques-Cassault / Christophe-Colomb,45.552123,-73.630103
313,6305,Davaar / de la Côte-Ste-Catherine,45.514379,-73.610871
314,6303,Dunlop / Van Horne,45.514905,-73.619682
315,6736,Basile-Routhier / Gouin,45.55670791513632,-73.67063373327255
316,6366,Wilderton  / Van Horne,45.510042,-73.624835
317,6345,Louis-Hémon / Villeray,45.554931,-73.610711
318,6703,Jardin Botanique (Pie-IX / Sherbrooke),45.55520523993992,-73.55582308082374
319,6302,Stuart / de la Côte-Ste-Catherine,45.51538412515814,-73.60640823841095
320,5004,St-Charles / Charlotte,45.539824,-73.508752
321,6419,Beaucourt / de la Côte-Ste-Catherine,45.491513,-73.633649
322,5005,St-Charles / St-Sylvestre,45.536408,-73.512776
323,6304,Rockland / Lajoie,45.515617,-73.614991
324,6343,Marquette / Villeray,45.55073714740538,-73.61522197723389
325,6700,de la Salle / Ste-Catherine,45.550056,-73.534576
326,6427,Rushbrooke /  Caisse,45.47069642604657,-73.56542240828276
327,6245,Bloomfield / Van Horne,45.5225858,-73.61265779
328,6356,Monkland / Girouard,45.4771,-73.6212
329,6098,Bishop / Ste-Catherine,45.49642,-73.57616
330,6125,Ellendale / Côte-des-Neiges,45.499757,-73.629298
331,6426,Willibrord / Verdun,45.459707,-73.571438
332,6379,Bannantyne / de l'Église,45.463257,-73.575621
333,6354,Marcil / Sherbrooke,45.471743,-73.613924
334,6312,de Kent / de la Côte-des-Neiges,45.501302,-73.633161
335,6115,Benny / Monkland,45.466965,-73.631664
336,6425,Ross / de l'Église,45.462742,-73.565845
337,6423,Hôpital général juif,45.496302,-73.629822
338,6363,Côte St-Antoine / Royal,45.4688,-73.6198
339,6713,30e avenue / St-Zotique,45.56822507,-73.57943594
340,6726,Hamel / Sauvé,45.560742,-73.65041
341,6416,Notre-Dame-de-Grâce / Décarie,45.477313,-73.615327
342,6725,Métro Monk (Allard / Beaulieu),45.45085122,-73.5940272
343,6706,Beatty / Verdun,45.450837,-73.572446
344,6420,Trans Island / Queen-Mary,45.484489,-73.628834
345,6331,Guizot / St-Denis,45.543376,-73.632267
346,6241,Querbes / Laurier,45.51745902334002,-73.59792709350586
347,6401,des Seigneurs / Notre-Dame,45.487692701413145,-73.56903970241545
348,6004,Hôtel-de-Ville (du Champs-de-Mars / Gosford),45.50922851966222,-73.55446994304657
349,6717,de Kent / Victoria,45.494805,-73.638772
350,6704,19e avenue / St-Zotique,45.561594,-73.585643
351,6006,18e avenue / Rosemont,45.55789545752947,-73.5765291005373
352,6341,Regina / Verdun,45.467369,-73.570769
353,6052,De la Commune / King,45.4980302,-73.55266482
354,6330,de Gaspé / Jarry,45.540627,-73.630089
355,6089,St-Jacques / Guy,45.49141473103975,-73.56995498790637
356,6727,de Montmorency / Richardson,45.48489566038642,-73.56011867523193
357,5003,Place Longueuil,45.5294,-73.5178
358,6738,Union / René-Lévesque,45.50233,-73.566497
359,6130,Sherbrooke / Frontenac,45.5367,-73.56081
360,6406,Marché Atwater,45.48020822800015,-73.57759863138199
361,6391,Aylwin / Ontario,45.544136,-73.545609
362,6023,de la Commune / Berri,45.51086,-73.54983
363,6346,Nicolet / Ste-Catherine,45.54459352523215,-73.53779464960098
364,6026,de la Commune / Place Jacques-Cartier,45.5076289,-73.55187625
365,6081,St-Alexandre / Ste-Catherine,45.50537693,-73.5676195
366,6429,Place du Commerce,45.46714,-73.54259
367,6017,Square Ahmerst / Wolfe,45.52106924,-73.5637571
368,6159,Ann / William,45.49589439175492,-73.5600972175598
369,6388,d'Orléans / Hochelaga,45.550668,-73.549502
370,6161,Cartier / St-Joseph,45.53576,-73.57867
371,6739,de Repentigny / Sherbrooke,45.58077,-73.544766
372,6070,Milton / Université,45.5064484,-73.57634872
373,6097,Towers / Ste-Catherine,45.492504,-73.581088
374,6204,Milton / Durocher,45.5081439,-73.57477158
375,6139,des Érables / Gauthier,45.53240768,-73.5647763
376,6160,Garnier / St-Joseph,45.5329774553515,-73.58122229576111
377,6370,d'Orléans / Masson,45.557192,-73.569847
378,6177,St-Hubert / Rachel,45.5235066,-73.57641309
379,6158,Gilford / Brébeuf,45.53073,-73.58153
380,6156,Marie-Anne / de la Roche,45.52773841379083,-73.5762494802475
381,6151,des Érables / du Mont-Royal,45.53565,-73.57172
382,6170,de Mentana / Laurier,45.530046,-73.58677
383,6328,Drolet / Villeray,45.54015386355122,-73.62353146076202
384,6232,Hutchison / Van Horne,45.525021229212776,-73.61073732376099
385,6199,Clark / St-Viateur,45.52517156097331,-73.5993754863739
386,6095,Chomedey / de Maisonneuve,45.4917542,-73.58397156
387,6162,Fullum / St-Joseph,45.5398326,-73.57555881
388,6217,Vallières / St-Dominique,45.51939601464233,-73.58322681808204
389,6079,Hutchison/ Prince-Arthur,45.509864,-73.576105
390,6102,Lincoln / du Fort,45.493034,-73.583836
391,6220,Laval / Duluth,45.51923690964773,-73.57721507549286
392,6187,Resther / du Mont-Royal,45.52564322426449,-73.58174800872803
393,6228,Waverly / Van Horne,45.527363,-73.607723
394,6225,Villeneuve / St-Urbain,45.520188,-73.590559
395,6702,Chauveau / de l'Assomption,45.569789,-73.548081
396,6230,Waverly / St-Viateur,45.52402527115221,-73.60042154788971
397,6384,Darling / Sherbrooke,45.545425,-73.556527
398,6150,Messier / du Mont-Royal,45.53711414,-73.5710031
399,6123,Alexandre-de-Sève / la Fontaine,45.523217,-73.558187
400,6255,Boyer / St-Zotique,45.53848,-73.60556
401,6116,Plessis / Ontario,45.523584,-73.560941
402,6143,Rachel / Brébeuf,45.52689,-73.57264
403,6254,Boyer / Bélanger,45.54006,-73.60897
404,6243,Bloomfield / Bernard,45.52068774,-73.6084279
405,6188,Mentana / Marie-Anne,45.525983,-73.577808
406,6905,Parc Rosemont (Dandurand / d'Iberville),45.544377,-73.581018
407,6387,Métro Joliette  (Joliette / Hochelaga),45.547179,-73.551739
408,6910,Boyer / Beaubien,45.537041,-73.602026
409,6389,Boyer / Jean-Talon,45.541484,-73.612441
410,6338,Boyer / Jarry,45.547283,-73.625377
411,6237,de Lanaudière / Gilford,45.532013,-73.580541
412,6907,Boyer / Rosemont,45.534136,-73.595478
413,6358,1ère  avenue /St-Zotique,45.551970494223056,-73.59377503395079
414,6190,Pontiac / Gilford,45.526712438356405,-73.58483791351318
415,6044,Roy / St-Christophe,45.5214607296648,-73.57061415910721
416,6929,St-André / St-Grégoire,45.53133,-73.59155
417,10002,Métro Charlevoix (Centre / Charlevoix),45.47822787309145,-73.56965124607086
418,6701,Marseille / Viau,45.5639212,-73.5489124
419,6309,5e avenue / Verdun,45.456049,-73.571877
420,6412,Complexe sportif Claude-Robillard (Émile-Journault),45.553262,-73.638615
421,6339,Harvard / Monkland,45.4743,-73.6237
422,6749,St-Jacques / St-Laurent,45.506445,-73.556352
423,6722,Bossuet / Pierre-de-Coubertin,45.57373304521766,-73.5394462198019
424,6222,Jeanne Mance / du Mont-Royal,45.5176432,-73.5889283
425,6385,Bordeaux /Gilford,45.536178,-73.57641
426,6503,Métro Parc  (Ogilvy / Hutchison),45.53035130173597,-73.6243924498558
427,6107,St-Mathieu /Ste-Catherine,45.493718,-73.579186
428,6383,Bourbonnière / du Mont-Royal,45.55357073967113,-73.56049418449402
429,6192,Berri / St-Grégoire,45.529802,-73.591766
430,6417,Desjardins / Hochelaga,45.55325,-73.54822
431,6263,Hampton / Monkland,45.471161595177456,-73.62720608711243
432,6501,Métro Jean-Drapeau,45.5120135,-73.53254691
433,6921,Augustin-Cantin / Shearer,45.48401829,-73.5634366
434,6502,Casino de Montréal,45.5063732,-73.52457672
435,6193,de l'Esplanade / Fairmount,45.521495,-73.596758
436,6428,Berlioz / Boul de l'Ile des Soeurs,45.459593,-73.544377
437,6923,Marquette / Jean-Talon,45.54739744800976,-73.60766351222992
438,6208,Hutchison / des Pins,45.51069,-73.57805
439,6504,La Ronde,45.521769,-73.534859
440,6926,Marie-Anne / St-Hubert,45.524634,-73.578755
441,6707,Drake / de Sève,45.456351476720414,-73.58229249715805
442,6714,LaSalle / Sénécal,45.43443353453236,-73.58669400215149
443,6072,Metcalfe / de Maisonneuve,45.50171494932855,-73.57413053512573
444,6094,de Gaspé / Fairmount,45.525669,-73.593016
445,6712,LaSalle / Crawford,45.43791380065227,-73.58274042606354
446,6745,d'Outremont / Ogilvy,45.526856,-73.626672
447,6005,Metcalfe / Square Dorchester,45.50023354666628,-73.57112646102905
448,6240,Hudson / de Kent,45.505973,-73.629593
449,6715,Natatorium (LaSalle / Rolland),45.444433,-73.575788
450,6705,5e avenue / Bannantyne,45.456365,-73.57614
451,6729,St-André / de Maisonneuve,45.517062,-73.559781
452,6744,Hamilton / Jolicoeur,45.456355,-73.597557
453,6742,Briand / Carron,45.462362,-73.59665
454,6136,Métro Laurier (Rivard / Laurier),45.52761627,-73.5891147
455,6743,St-Marc / Sherbrooke,45.494514,-73.583368
456,6051,de Gaspé / Marmier,45.529686,-73.601728
457,6178,Rivard / Rachel,45.5222776,-73.5775906
458,6226,Hôpital Maisonneuve-Rosemont (Rosemont / Chatelain),45.575707,-73.561562
708,6748,Greene / St-Ambroise,45.4787958452455,-73.57642382383347
878,6311,Drolet / St-Zotique,45.534795,-73.609546
1207,6930,Paul Boutet / Jarry,45.55917755022557,-73.61413031816483
1327,6752,Hutchison / Beaubien,45.5262464,-73.61374676
1374,6753,St-Zotique / 39e avenue,45.57347113033397,-73.57497543096542
1379,6754,Eadie/Dubois,45.45759682462104,-73.59052859581423
1384,7015,LaSalle / 4e avenue,45.43074022417498,-73.5919108253438
1388,7048,Métro Angrignon,45.446534244545326,-73.60354088363238
1389,7056,Godin / Bannantyne,45.4475536968409,-73.57726335525513
1390,7051,Jogues / Allard,45.44990081262039,-73.60025119094644
1393,7059,Argyle / Bannantyne,45.45324567428996,-73.57681475579739
1400,7057,2e avenue / Wellington,45.45789352611307,-73.56752824096475
1401,7010,Belmore / Sherbrooke,45.459233060280816,-73.63740515022073
1405,7058,Gordon / Wellington,45.46107799010839,-73.56730699539183
1409,7060,de l'Église / de Verdun,45.46300108733155,-73.57156895217486
1411,7013,Benny Crescent / Benny,45.46431546986341,-73.62556993961334
1416,7054,Cote St-Paul / St-Ambroise,45.46766565386597,-73.59391784324544
1436,7011,Girouard / de Terrebonne,45.47843159157294,-73.62489938735962
1439,7070,Bourgeoys / Favard,45.47993042065731,-73.55592101812363
1442,7053,Ropery / Augustin-Cantin,45.48091406771754,-73.56846034526825
1443,7055,Greene / Workman,45.48118440698601,-73.5793487727642
1449,7052,Shearer / Centre,45.483005619293046,-73.56218665838242
1460,7068,Basin / Richmond,45.48760116378806,-73.56518536806107
1464,7050,Ottawa / William,45.48954486106131,-73.56413930654526
1467,7049,Ottawa / St-Thomas,45.490873602424855,-73.56238916516304
1469,7076,Tupper / du Fort,45.49122961531575,-73.58078241348267
1470,7081,Lincoln / Lambert Closse,45.49138379789788,-73.5860127210617
1481,7047,Muray / Notre-Dame,45.49398569590685,-73.56327943525685
1486,7071,St-Mathieu / Sherbrooke,45.49578910481176,-73.58259558677672
1494,7062,Nazareth / William,45.49702385100359,-73.55922264978288
1509,7079,Gauvin / Notre-Dame,45.50004272864201,-73.56041237711906
1517,7012,McKenna / Édouard-Montpetit,45.50119450775172,-73.62062528729439
1537,7080,President-Kennedy / Robert Bourassa,45.50440747040332,-73.57254266738892
1538,7014,Édouard-Montpetit (Université de Montréal),45.50450093352018,-73.61765205860138
1541,7069,Union / President-Kennedy,45.50499344809821,-73.57170313596725
1547,7067,City Councillors / du President-Kennedy,45.50625103256782,-73.57139065861702
1551,7066,St-Urbain / de la Gauchetière,45.50707812811467,-73.56139540672302
1561,7033,Aylmer / Prince-Arthur,45.50856686947439,-73.57769787311554
1575,7037,Prince-Arthur / Ste-Famille,45.5116382139746,-73.57463479042053
1577,7001,Ste-Catherine / Ste-Élisabeth,45.51228321268213,-73.56182590126991
1586,7007,Gare Canora,45.513780237755576,-73.63246321678162
1591,7038,Clark / Guilbault,45.51440303253061,-73.57508204877377
1613,7074,St-André / Robin,45.5181280865132,-73.56185138225555
1614,7036,Hutchison / Edouard Charles,45.51826340169339,-73.59577462077141
1617,7021,McEachran / Van Horne,45.51834130440452,-73.61664688243762
1649,7022,Durocher / Bernard,45.52231759660231,-73.60693126916885
1650,7034,Clark / Laurier,45.52258373689023,-73.59358858375344
1654,7031,Berri / Rachel,45.5228780183634,-73.57749536633492
1656,7072,Beaudry / Sherbrooke,45.52303459543551,-73.56540597975254
1658,7073,Logan / de Champlain,45.5231943285584,-73.55584256350994
1680,7077,Fullum / Jean Langlois,45.52612803739037,-73.54600220918655
1683,7032,Drolet / Laurier,45.52625187609252,-73.58975838928018
1685,7024,Berri / Gilford,45.5265658689096,-73.58542799949646
1692,7026,Maguire / Henri-Julien,45.527041096087785,-73.59347056655677
1698,7028,de Gaspé / St-Viateur,45.52774827884841,-73.59743893146515
1702,7025,St-Dominique / Bernard,45.52793332015246,-73.60122251338906
1708,7040,St-Urbain / Beaubien,45.52951033828327,-73.61067965626717
1739,7042,Alexandra / Jean Talon,45.53233064590805,-73.62018674612045
1749,7030,de Bordeaux / Marie-Anne,45.53340912723174,-73.57065707445145
1758,7078,Hochelaga / Chapleau,45.53445294687473,-73.55965197086334
1760,7045,Casgrain / Mozart,45.53472725603326,-73.6147928237915
1780,7027,Terrasse Guindon / Fullum,45.537114135456825,-73.56913894414902
1787,7029,Cartier / Masson,45.53805998459642,-73.58337676181691
1796,7035,Fullum / Gilford,45.53922374455291,-73.57383679656778
1804,7064,Clark / de Liège,45.539983846015616,-73.6381347477436
1806,7061,Lajeunesse / de Castelnau,45.54039620809999,-73.61681789159775
1811,7063,Henri-Julien / Jarry,45.54140622907085,-73.63007068634033
1820,7018,Joliette / Ste-Catherine,45.54286796890454,-73.53822447359562
1825,7065,de Lanaudière / Bélanger,45.54365085053057,-73.60565051436424
1826,7020,St-Germain / Hochelaga,45.5436987529516,-73.55367332696915
1827,7039,du Mont-Royal / Augustin-Frigon,45.543763151117474,-73.56772005558014
1828,7002,Tolhurst / Fleury,45.54410128430579,-73.66738557815552
1853,7006,Clark / Fleury,45.54764847825576,-73.6655656993389
1858,7019,Jeanne d'Arc / Ontario,45.54960452693408,-73.54193866252899
1860,7043,Ernest-Gendreau / du Mont-Royal,45.549713734001415,-73.56384828686714
1862,7004,Émile-Journault / de Chateaubriand,45.54983321292286,-73.64063255488873
1874,7008,Rousselot / Jarry,45.55076907833167,-73.62091094255447
1882,7017,Bennett / Ste-Catherine,45.55302673666147,-73.53238195180893
1891,7041,15e avenue / Masson,45.553913774821154,-73.57141882181168
1893,7046,15e avenue / Dandurand,45.55479651443991,-73.57432097196579
1896,7003,St-Charles / Sauvé,45.5560649285589,-73.65350246429443
1912,7023,CHSLD St-Michel (Jarry / 8e avenue),45.56169026904608,-73.61051201820374
1917,7005,Marquette / Fleury,45.56735205736566,-73.65378744900227
1923,7009,CHSLD Benjamin-Victor-Rousselot (Dickson / Sherbrooke),45.57379781967792,-73.55034470558167
1925,7075,CHSLD Éloria-Lepage (de la Pépinière / de Marseille),45.57694445420869,-73.54045271873474
1927,7044,Hôpital Santa Cabrini (St-Zotique / Jeanne-Jugan),45.5793249650848,-73.5705041885376
1929,7016,Métro Langelier (Sherbrooke / Langelier),45.58275715603392,-73.54244291782379
1958,4000,Jeanne-d'Arc / Ontario,45.54945734212034,-73.54164898395538
1960,7083,Parc de Bullion (de Bullion / Prince-Arthur),45.515604257816335,-73.57213497161865
2040,7084,McTavish / Sherbrooke,45.502812816508936,-73.57602417469025
2399,4002,Métro Place-des-Arts (de Maisonneuve / de Bleury),45.50619396370176,-73.56996774673462
2445,4001,Parc Plage,45.50262858686735,-73.52774977684021
2480,7082,Métro Lionel-Groulx (Atwater / Lionel-Groulx),45.4829412691004,-73.57974171638489
3032,7085,de la Grande-Allée / Ste-Catherine,45.63137963655471,-73.50685738027096
3033,7086,Parc de l'Hôtel-de-Ville (Dubé / Laurendeau),45.63065034476232,-73.49499464035034
3034,7087,St-Jean-Baptiste / René-Lévesque,45.64155705644063,-73.50037515163422
3035,7088,du Tricentenaire / de Montigny,45.65140583915357,-73.50041270256041
3036,7089,du Tricentenaire / Prince-Albert,45.64954588445726,-73.49191546440125
3037,7090,de St-Firmin / Fleury,45.57065664170425,-73.65184217691422
3038,7091,Fleury / André-Jobin,45.57600034155425,-73.64676475524902
3039,7092,Gare Bois-de-Boulogne,45.53972553109637,-73.67716491222382
3040,7093,Laforest / Dudemaine,45.539806548176045,-73.6872661113739
3041,7094,Alfred Laliberté / de Poutrincourt,45.53308032414161,-73.6945965886116
3042,7095,Chabanel / de l'Esplanade,45.54068551727877,-73.65337640047073
3043,7096,Chabanel / du Parc,45.53830765459552,-73.6548838019371
3044,7097,Bélanger / des Galeries d'Anjou,45.59722114932571,-73.56279015541077
3045,7098,Parc d'Antioche,45.59535188887634,-73.55858981609344
3046,7099,Vezina / Victoria,45.49704689488635,-73.64321619272232
3047,7100,Métro Namur (des Jockeys / Décarie),45.49404432109336,-73.65449488162994
3048,7101,Métro de la Savane (de Sorel / Bougainville),45.50045094800223,-73.66142839193344
3049,7102,Grand Boulevard / de Terrebonne,45.47054370043364,-73.63168001174927
3050,7103,St-Joseph / 8e avenue Lachine,45.43147138678842,-73.67120504379272
3051,7104,8e avenue / Notre-Dame Lachine,45.43498715540587,-73.67079868912697
3052,7105,St-Joseph / 34e avenue Lachine,45.432839840726125,-73.69349151849747
3053,7106,Victoria / 18e avenue Lachine,45.43579350588776,-73.6801904439926
3054,7107,19e avenue / St-Joseph Lachine,45.43312379149661,-73.68140548467636
3055,7108,Gagne / LaSalle,45.422451407155854,-73.601194024086
3056,7109,Cégep André-Laurendeau,45.43566446235294,-73.60565185546875
3057,7110,LaSalle / 67e avenue,45.415348837097696,-73.62651407718658
3058,7111,Highlands / LaSalle,45.42612352042827,-73.65741580724716
3059,7112,Newman / Senkus,45.44404309237571,-73.61375212669373
3060,7113,Casgrain / Maguire,45.52593260934618,-73.59525293111801
3061,7114,Smith / Peel,45.492837758845226,-73.5564199090004
3062,7115,Métro Radisson (Sherbrooke / des Groseilliers),45.58917500418707,-73.53965610265732
3063,7116,Métro Honoré-Beaugrand (Sherbrooke / Honoré-Beaugrand),45.5967964774917,-73.53517949581145
3064,7117,François-Boivin / Bélanger,45.59259615276133,-73.56617510318756
3065,7118,Tellier / des Futailles,45.58600999065885,-73.52183818817139
3066,7119,Notre-Dame / Liébert,45.59280261038491,-73.51046562194824
3067,7120,Notre-Dame / des Ormeaux,45.59920617334637,-73.5122399032116
3068,7121,de Bruxelles / Hochelaga,45.59264808020603,-73.52521777153015
3069,7122,de Belleville / Fleury,45.58116002977833,-73.64124342799187
3070,7123,des Récollets / Martial,45.59089190991344,-73.64061713218689
3071,7124,Dollard / Bernard,45.51678269880724,-73.61142262816429
3072,7125,Rosemont / Viau,45.56833021674857,-73.56666326522826
3073,7126,41e avenue / Rosemont,45.57178977666956,-73.56431499123573
3074,7127,Jeanne-Mance / Beaubien,45.527650097960205,-73.61229971051216
3075,7128,Métro Côte-Vertu (Gohier / Edouard-Laurin),45.512989627641865,-73.68249848484993
3076,7129,de l'Eglise / St-Germain,45.51255920872999,-73.67701068520546
3077,7130,Métro du Collège (Cartier / Décarie),45.50843904979172,-73.6729645729065
3078,7131,Bibliothèque du Boisé (Thimens / Todd),45.50463493033909,-73.70443224906921
3079,7132,Ste-Croix / Tassé,45.519492499678165,-73.6851042509079
3080,7133,Thimens / Alexis-Nihon,45.50897852206792,-73.69856357574463
3081,7134,Poirier / O'Brien,45.52246015438048,-73.69156435132027
3082,7135,Cavendish / Poirier,45.50622283591452,-73.71148109436035
3083,7136,Marcel-Laurin / Beaudet,45.50684315902468,-73.68175685405731
3084,7137,de Lisieux / Jean-Talon,45.57934937043077,-73.58168095350266
3085,7138,Dumesnil / Bélanger,45.587777966914885,-73.56935352087021
3086,7139,Parc Plage,45.50282785563674,-73.52779269218445
3087,7140,St-Jacques / des Seigneurs,45.48918571608228,-73.57190027832984
3088,7141,Turgeon / Notre-Dame,45.47888852807208,-73.58198940753937
3089,7142,Elgar / de l'Île-des-Sœurs,45.45682318753668,-73.546804189682
3090,7143,LaSalle / Godin,45.44693448484644,-73.57219934463501
3091,7144,Hickson / Wellington,45.46489251773306,-73.56699787080288
3092,7145,Argyle / Bannantyne,45.453318765468914,-73.5767751932144
3093,7146,Lusignan / St-Jacques,45.492222393331566,-73.56934815645218
3094,7147,Métro de Castelnau (de Castelnau / Clark),45.53473935096963,-73.62076878547667
3095,7148,Papineau / Émile-Journault,45.55988367688166,-73.63356828689575
3096,7149,16e avenue / Jean-Talon,45.56244008398078,-73.59533339738846
3097,7150,du Souvenir / Chomedey,45.55188644388879,-73.74444007873535
3098,7151,Métro Montmorency (de l'Avenir / Jacques-Tétreault),45.558108953383545,-73.71959745883942
3099,7152,Parc St-Claude (7e avenue / 8e rue),45.56266824826759,-73.6923623085022
3100,7153,Métro Cartier (des Laurentides / Cartier),45.56002974868339,-73.68133574724197
3716,6437,Melville / de Maisonneuve,45.4818402,-73.595379
3721,8080,Robin / 15e rue,45.5594955,-73.6989176
3722,8081,Legrand / Cartier,45.552535,-73.70749
3723,8056,de Gaspé / Marmier,45.5295385,-73.6013469
3724,8052,Cégep Marie-Victorin,45.6174998,-73.6060113
3725,8012,Hôpital Sacré-Coeur (Forbes),45.5318647,-73.7135518
3726,8015,Parc du Mall (Cholet / Honoré-Beaugrand),45.599843416440486,-73.54470133781433
3727,8017,Parc Van Horne (de la Peltrie / de Westbury),45.4905688,-73.6385947
3728,8011,Parc nature de l'Île-de-la-Visitation (Gouin / Bruchési),45.5782708,-73.6559513
3729,8013,Parc Henri-Julien (Legendre / Henri-Julien),45.5460356,-73.6465985
3730,8045,REV (Souligny / Desmarteau),45.6046208,-73.5159963
3731,8042,des Ormeaux / de Grosbois,45.6059017,-73.5343695
3732,8020,Parc MacDonald (Earnscliffe / Dupuis),45.484919,-73.6374146
3733,8068,Place Rodolphe-Rousseau (Gohier / Édouard-Laurin),45.5129939,-73.6824985
3734,8053,Molson / William-Tremblay,45.5415485,-73.5650124
3735,8047,Parc St-Laurent (Salk / Henri-Bourassa),45.6055325,-73.6280242
3736,8048,Parc Langelier - Marie-Victorin,45.6144298,-73.6122333
3737,8046,Mairie d'arrondissement Montréal-Nord (Hébert / Place de l'Hôtel-de-Ville),45.5939452,-73.6384445
3738,8071,Gare d'autocars de Montréal (Berri / Ontario),45.5169262,-73.5642573
3739,8036,Messier / St-Joseph,45.5394606,-73.5760564
3740,8069,Ateliers municipaux de St-Laurent (Cavendish / Poirier),45.5061758,-73.7111861
3741,8022,Centre des loisirs (Tassé / Grenet),45.5147343,-73.691449
3742,10,Métro Angrignon (Lamont /  des Trinitaires),45.44691,-73.60363
3743,13,Métro de l'Église (Ross / de l'Église),45.462726,-73.565959
3744,17,Tolhurst / Fleury,45.544149,-73.66752
3745,21,St-Christophe / Cherrier,45.52029,-73.568119
3746,31,Lespérance / de Rouen,45.538839,-73.552779
3747,36,St-Cuthbert / St-Urbain,45.514773,-73.578312
3748,38,Métro Vendôme (de Marlowe / de Maisonneuve),45.473868,-73.604538
3749,43,Métro Université de Montréal (Édouard-Montpetit / Louis-Collin),45.50367,-73.61848
3750,47,Métro Guy-Concordia (Guy / St-Catherine),45.495045,-73.57783
3751,60,Durocher / Van Horne,45.524394,-73.611423
3752,65,Bel Air / St-Antoine,45.482778,-73.584621
3753,75,St-Joseph / 8e avenue Lachine,45.43155,-73.67112
3754,76,St-Joseph / 34e avenue Lachine,45.433251,-73.693962
3755,78,8e avenue / Notre-Dame Lachine,45.434898,-73.670819
3756,79,Victoria / 18e avenue Lachine,45.435996,-73.680111
3757,86,Parc Pratt (Dunlop / Van Horne),45.515007,-73.619788
3758,92,Métro Rosemont (de St-Vallier / Rosemont),45.531783,-73.597793
3759,99,7e avenue / St-Joseph Rosemont,45.547108,-73.569367
3760,100,16e avenue / St-Joseph,45.55287,-73.565631
3761,111,Hutchison / Sherbrooke,45.507717,-73.57167
3762,120,Drolet / Faillon,45.539316,-73.620661
3763,122,Lajeunesse / Jarry,45.543771,-73.628509
3764,125,Cité des Arts du Cirque (Paul Boutet / des Regrattiers),45.559872,-73.615541
3765,126,Rousselot / Jarry,45.550899,-73.62108
3766,135,St-Alexandre / Ste-Catherine,45.505359,-73.567741
3767,137,Jeanne-d'Arc / Ontario,45.549598,-73.541874
3768,138,de la Salle / Ste-Catherine,45.549963,-73.534434
3769,139,d'Orléans / Hochelaga,45.550768,-73.549427
3770,140,Bennett / Ste-Catherine,45.553053,-73.532427
3771,141,Marché Maisonneuve,45.553219,-73.539782
3772,142,Ontario / Sicard,45.556262,-73.537441
3773,143,de Ville-Marie / Ste-Catherine,45.557921,-73.529147
3774,144,Ontario / Viau,45.559482,-73.535496
3775,145,Gauthier / Papineau,45.529666,-73.567336
3776,146,Gauthier / de Lorimier,45.531674,-73.565413
3777,147,Gauthier / Parthenais,45.532926,-73.56378
3778,148,de Bordeaux / Marie-Anne,45.533409,-73.570657
3779,149,des Érables / Rachel,45.533547,-73.566867
3780,150,Fullum / Sherbrooke,45.533924,-73.562425
3781,151,Chapleau / Terrasse Mercure,45.536738,-73.565167
3782,152,Bercy / Rachel,45.538403,-73.561964
3783,153,Ste-Catherine / Dezery,45.539385,-73.541
3784,154,Dézéry / Ontario,45.54111,-73.54755
3785,155,Métro Préfontaine (Moreau / Hochelaga),45.54178,-73.555714
3786,156,Valois / Ste-Catherine,45.54523,-73.53725
3787,157,St-Germain / Hochelaga,45.543699,-73.553673
3788,158,Aylwin / Ontario,45.544284,-73.54534
3789,159,Métro Joliette  (Joliette / Hochelaga),45.546907,-73.551557
3790,160,Valois / Ontario,45.547405,-73.544674
3791,161,Nicolet / Sherbrooke,45.549695,-73.554647
3792,162,Métro Assomption (Chauveau / de l'Assomption),45.569789,-73.548081
3793,164,Métro Cadillac (de Cadillac / Sherbrooke),45.576963,-73.546836
3794,165,Pierre-de-Coubertin / Langelier,45.580315,-73.535314
3795,166,Métro Langelier (Langelier / Sherbrooke),45.582847,-73.542476
3796,167,Boyer / du Mont-Royal,45.527432,-73.579917
3797,168,Calixa-Lavallée / Rachel,45.527795,-73.571939
3798,169,de Brébeuf / du Mont-Royal,45.529408,-73.578154
3799,170,de Lanaudière / Marie-Anne,45.529326,-73.574806
3800,171,Marquette / Rachel,45.529802,-73.57029
3801,172,Garnier / du Mont-Royal,45.53092,-73.57674
3802,173,Marquette / du Mont-Royal,45.53229,-73.57544
3803,174,Cartier / Marie-Anne,45.532674,-73.571776
3804,175,Chabot / du Mont-Royal,45.534185,-73.573589
3805,176,Cartier / St-Joseph,45.535828,-73.57869
3806,177,de Bordeaux / Gilford,45.53611,-73.576287
3807,179,Messier / du Mont-Royal,45.537114,-73.571003
3808,180,Laurier / de Bordeaux,45.537205,-73.579254
3809,181,Cartier / Masson,45.538021,-73.583524
3810,182,Chapleau / du Mont-Royal,45.53867,-73.56936
3811,183,de Bordeaux / Masson,45.538984,-73.582445
3812,184,Fullum / Gilford,45.539224,-73.573837
3813,185,Parc des Rapides (LaSalle / 6e avenue),45.429471,-73.593099
3814,186,LaSalle / Crawford,45.437914,-73.58274
3815,187,Natatorium (LaSalle / Rolland),45.444547,-73.575091
3816,188,Bibliothèque de Verdun (Brown / Bannantyne),45.448262,-73.577856
3817,189,Beatty / de Verdun,45.45073,-73.572575
3818,190,Métro Monk (Allard / Beaulieu),45.450851,-73.594027
3819,191,Argyle / Bannantyne,45.453319,-73.576775
3820,192,Argyle / de Verdun,45.453016,-73.571915
3821,193,Hamilton / Jolicoeur,45.456355,-73.597557
3822,194,5e avenue / Bannantyne,45.456365,-73.57614
3823,196,4e avenue / de Verdun,45.456885,-73.572607
3824,197,Dubois / Eadie,45.457597,-73.590529
3825,198,2e avenue / Wellington,45.457893,-73.567528
3826,199,Métro Verdun (Willibrord / de Verdun),45.459488,-73.572092
3827,200,Gordon / Wellington,45.461078,-73.567307
3828,201,Parc St-Paul (Le Caron / Marc-Sauvalle),45.461685,-73.584039
3829,202,St-Patrick / Briand,45.463397,-73.596436
3830,203,de l'Église / de Verdun,45.463001,-73.571569
3831,204,de l'Église / Bannantyne,45.463254,-73.575879
3832,205,Regina / de Verdun,45.467369,-73.570769
3833,206,Métro Lasalle (de Rushbrooke / Caisse),45.470696,-73.565422
3834,207,Métro Laurier (Rivard / Laurier),45.527616,-73.589115
3835,208,St-Hubert / Laurier,45.52931,-73.588657
3836,209,Hélène-Baillargeon / St-Denis,45.52974,-73.59527
3837,211,de Mentana / Laurier,45.53045,-73.587638
3838,214,Laurier / de Brébeuf,45.532514,-73.584811
3839,215,Garnier / St-Joseph,45.532978,-73.581222
3840,216,de Lanaudière / Laurier,45.533314,-73.583737
3841,217,Gerry-Boulet / St-Grégoire,45.533735,-73.589307
3842,218,Marquette / Laurier,45.53543,-73.5822
3843,221,Métro Crémazie (Crémazie / Lajeunesse),45.546408,-73.638428
3844,222,Clark / Fleury,45.547581,-73.665234
3845,223,Émile-Journault / de Chateaubriand,45.549833,-73.640633
3846,224,Basile-Routhier / Chabanel,45.549868,-73.647657
3847,225,Métro Sauvé (Berri / Sauvé),45.550692,-73.656367
3848,226,Jacques-Casault / Christophe-Colomb,45.552123,-73.630103
3849,227,Complexe sportif Claude-Robillard,45.553262,-73.638615
3850,228,Fleury / Lajeunesse,45.553579,-73.662083
3851,229,Métro Henri-Bourassa (Henri-Bourassa / Millen),45.556751,-73.667162
3852,230,Chambord / Fleury,45.559828,-73.658325
3853,231,Hamel / Sauvé,45.560762,-73.650561
3854,232,Francis / Fleury,45.563872,-73.655568
3855,233,Marquette / Fleury,45.567352,-73.653787
3856,234,de l'Hôtel-de-Ville / Sherbrooke,45.514565,-73.568407
3857,235,Square St-Louis (du Square St-Louis / Laval),45.516091,-73.570129
3858,236,Parc Jeanne-Mance (du Mont-Royal / du Parc),45.517,-73.589
3859,237,de l'Esplanade / du Mont-Royal,45.518253,-73.588338
3860,238,Villeneuve / du Parc,45.51829,-73.59235
3861,239,Roy / St-Denis,45.51908,-73.5727
3862,240,Berri / Cherrier,45.519088,-73.569509
3863,241,Laval / Duluth,45.519216,-73.57718
3864,242,du Mont-Royal / Clark,45.51941,-73.58685
3865,243,Laval / Rachel,45.520179,-73.579424
3866,244,Villeneuve / St-Urbain,45.520188,-73.590559
3867,245,St-André / Cherrier,45.520524,-73.567697
3868,246,Duluth / St-Denis,45.520604,-73.575984
3869,247,Roy / St-André,45.521564,-73.570367
3870,248,de Bullion / du Mont-Royal,45.521751,-73.585268
3871,249,Rivard / Rachel,45.522278,-73.577591
3872,250,Laval / du Mont-Royal,45.522365,-73.584146
3873,251,St-Hubert / Duluth,45.522426,-73.574184
3874,252,Berri / Rachel,45.522719,-73.577204
3875,253,Beaudry / Sherbrooke,45.523035,-73.565395
3876,254,du Parc-La Fontaine / Roy,45.522866,-73.568377
3877,255,Villeneuve / de l'Hôtel-de-Ville,45.523544,-73.587332
3878,256,Métro Mont-Royal (Rivard / du Mont-Royal),45.524673,-73.58255
3879,257,Marie-Anne / St-Hubert,45.524683,-73.578897
3880,258,du Parc-La Fontaine / Duluth,45.524518,-73.571977
3881,259,Calixa-Lavallée / Sherbrooke,45.52479,-73.56545
3882,260,de Mentana / Rachel,45.524963,-73.575559
3883,261,Resther / du Mont-Royal,45.525628,-73.581775
3884,262,de Mentana / Marie-Anne,45.526027,-73.577859
3885,263,Métro Laurier (Berri / St-Joseph),45.527231,-73.586726
3886,264,Pontiac / Gilford,45.527009,-73.585766
3887,265,Émile-Duployé / Sherbrooke,45.527201,-73.564729
3888,266,Marie-Anne / de la Roche,45.527758,-73.576185
3889,267,Gilford / de Brébeuf,45.530816,-73.581626
3890,268,Gilford / de Lanaudière,45.532008,-73.580444
3891,270,St-Hubert / René-Lévesque,45.514335,-73.556464
3892,271,Sanguinet / Ontario,45.514767,-73.565491
3893,272,Ste-Catherine / Labelle,45.515065,-73.55923
3894,273,St-André / Ste-Catherine,45.516427,-73.558112
3895,274,Gare d'autocars de Montréal (Berri / Ontario),45.516897,-73.563949
3896,275,de Maisonneuve / Berri,45.51567,-73.561009
3897,276,Wolfe / René-Lévesque,45.516818,-73.554188
3898,277,St-André / Robin,45.518128,-73.561851
3899,278,St-André / Ontario,45.51889,-73.56353
3900,279,Montcalm / de Maisonneuve,45.519139,-73.557866
3901,280,Plessis / René-Lévesque,45.519373,-73.551958
3902,281,Wolfe / Robin,45.519581,-73.560116
3903,283,Montcalm / Ontario,45.521081,-73.562275
3904,284,Papineau / René-Lévesque,45.52114,-73.54926
3905,285,Alexandre-DeSève / Ste-Catherine,45.52123,-73.553861
3906,286,Logan / de Champlain,45.523194,-73.555843
3907,288,Plessis / Ontario,45.523492,-73.56073
3908,289,Métro Papineau (Cartier / Ste-Catherine),45.52353,-73.55199
3909,290,de Champlain / Ontario,45.525109,-73.560206
3910,292,Jean Langlois / Fullum,45.5265,-73.545753
3911,293,Dorion / Ontario,45.526991,-73.558212
3912,294,Logan / Fullum,45.528366,-73.551171
3913,295,Poupart / Ste-Catherine,45.529002,-73.546199
3914,296,Larivière / de Lorimier,45.529134,-73.559234
3915,297,de Bordeaux / Sherbrooke,45.529971,-73.563053
3916,298,Logan / d'Iberville,45.53057,-73.54913
3917,299,Poupart / Ontario,45.531939,-73.553439
3918,302,Métro Frontenac (Ontario / du Havre),45.533706,-73.552179
3919,303,Hochelaga / Chapleau,45.534453,-73.559652
3920,304,du Havre / de Rouen,45.534563,-73.554787
3921,305,Hogan / Ontario,45.535295,-73.55116
3922,306,Sherbrooke / Frontenac,45.5367,-73.56081
3923,307,Wurtele / de Rouen,45.537628,-73.553394
3924,309,University / Milton,45.506511,-73.576669
3925,310,University / Prince-Arthur,45.507402,-73.578444
3926,311,Milton / Durocher,45.508141,-73.57493
3927,312,Aylmer / Prince-Arthur,45.508567,-73.577698
3928,313,Milton / du Parc,45.509361,-73.573864
3929,314,Hutchison / Prince-Arthur,45.509759,-73.576107
3930,315,Ste-Famille / Sherbrooke,45.510072,-73.570752
3931,316,Prince-Arthur / du Parc,45.51059,-73.57547
3932,317,Métro St-Laurent (de Maisonneuve / St-Laurent),45.51066,-73.56497
3933,318,Hutchison / des Pins,45.51069,-73.57805
3934,321,de l'Hôtel-de-Ville / Ste-Catherine,45.51166,-73.562136
3935,322,Milton / Clark,45.512541,-73.570677
3936,323,Prince-Arthur / St-Urbain,45.512587,-73.573739
3937,324,Sanguinet / Ste-Catherine,45.512797,-73.561463
3938,325,Ste-Famille / des Pins,45.512832,-73.576888
3939,326,Clark / Prince-Arthur,45.513303,-73.572961
3940,327,Sanguinet / de Maisonneuve,45.513405,-73.562594
3941,328,Guilbault / Clark,45.514108,-73.57523
3942,329,Metcalfe / St-Catherine,45.500832,-73.572459
3943,330,Parc Jeanne Mance (monument sir George-Etienne Cartier),45.51484,-73.584779
3944,331,Duluth / de l'Esplanade,45.515092,-73.581142
3945,332,BAnQ (Berri / de Maisonneuve),45.515299,-73.561273
3946,333,Parc de Bullion (de Bullion / Prince-Arthur),45.515604,-73.572135
3947,334,Roy / St-Laurent,45.515616,-73.575808
3948,336,Duluth / St-Laurent,45.516876,-73.57946
3949,337,de l'Hôtel-de-Ville / Roy,45.517401,-73.574605
3950,338,Clark / Rachel,45.517354,-73.582129
3951,339,St-Dominique / Rachel,45.518593,-73.581566
3952,340,Vallières / St-Laurent,45.518967,-73.583616
3953,341,U. Concordia - Campus Loyola (Sherbrooke / West Broadway),45.457509,-73.639485
3954,342,Park Row O / Sherbrooke,45.460729,-73.634073
3955,343,Benny / Sherbrooke,45.464877,-73.626597
3956,344,Grand Boulevard / Sherbrooke,45.466569,-73.623295
3957,346,de la Côte St-Antoine / Royal,45.468927,-73.61987
3958,347,de Melrose / Sherbrooke,45.46982,-73.616961
3959,348,de Hampton / de Monkland,45.471179,-73.627002
3960,349,Marcil / Sherbrooke,45.471743,-73.613924
3961,350,Harvard / de Monkland,45.474565,-73.624036
3962,351,de Monkland / Girouard,45.477107,-73.621438
3963,352,Notre-Dame-de-Grâce / Décarie,45.477353,-73.615372
3964,354,Métro Snowdon (de Westbury / Queen-Mary),45.485385,-73.628142
3965,355,Lionel-Groulx / George-Vanier,45.486219,-73.573747
3966,356,Canning / Notre-Dame,45.486319,-73.570233
3967,357,des Seigneurs / Notre-Dame,45.487723,-73.569083
3968,358,Métro Georges-Vanier (St-Antoine / Canning),45.4891,-73.57656
3969,359,Métro Atwater (Atwater / Ste-Catherine),45.489476,-73.584566
3970,360,Atwater / Sherbrooke,45.491226,-73.58763
3971,361,Beaucourt / de la Côte-Ste-Catherine,45.491513,-73.633649
3972,362,Chomedey / de Maisonneuve,45.4918,-73.584006
3973,363,Ste-Catherine / St-Marc,45.492897,-73.580294
3974,364,Lincoln / du Fort,45.493034,-73.583836
3975,365,St-Mathieu / Ste-Catherine,45.49368,-73.579146
3976,366,St-Marc / Sherbrooke,45.494514,-73.583368
3977,367,de Kent / Victoria,45.494564,-73.638702
3978,368,Jean-Brillant / de la Côte-des-Neiges,45.495415,-73.622341
3979,369,Hôpital général juif (de la Côte Ste-Catherine / Légaré),45.496302,-73.629822
3980,370,Mackay / de Maisonneuve,45.49683,-73.57913
3981,371,Swail / Decelles,45.497055,-73.618652
3982,372,Ellendale / de la Côte-des-Neiges,45.499757,-73.629298
3983,373,de Kent / de la Côte-des-Neiges,45.501449,-73.633051
3984,374,de Soissons / de Darlington,45.506899,-73.623526
3985,375,Parc Kent (de Kent / Hudson),45.505721,-73.629459
3986,376,Édouard-Montpetit / de Stirling,45.50723,-73.615085
3987,377,Wilderton  / Van Horne,45.510142,-73.624752
3988,378,Tupper / du Fort,45.49123,-73.580782
3989,379,St-Mathieu / Sherbrooke,45.495789,-73.582596
3990,381,Crescent / de Maisonneuve,45.498112,-73.577615
3991,382,Drummond / Ste-Catherine,45.498639,-73.574227
3992,383,de la Cathédrale / René-Lévesque,45.499191,-73.569421
3993,384,Cypress / Peel,45.499325,-73.571768
3994,385,Drummond / de Maisonneuve,45.49947,-73.57591
3995,386,de la Montagne / Sherbrooke,45.499745,-73.579034
3996,387,Notre-Dame / Gauvin,45.500105,-73.560199
3997,388,Métro Peel (de Maisonneuve / Stanley),45.50038,-73.57507
3998,389,de la Gauchetière / Robert-Bourassa,45.500606,-73.565448
3999,392,Stanley / Sherbrooke,45.501041,-73.577178
4000,393,Metcalfe / de Maisonneuve,45.501715,-73.57413
4001,394,St-Nicolas / Place d'Youville,45.501967,-73.555153
4002,395,Square Victoria (Viger / du Square-Victoria),45.50206,-73.56295
4003,396,Union / René-Lévesque,45.50235,-73.566583
4004,397,St-Jacques / St-Pierre,45.502786,-73.559134
4005,398,McTavish / Sherbrooke,45.502813,-73.576024
4006,400,du President-Kennedy / Union,45.505011,-73.572028
4007,401,St-Antoine / St-François-Xavier,45.504591,-73.559188
4008,403,Viger / Chenneville,45.505312,-73.560891
4009,404,Métro Place-d'Armes (Viger / St-Urbain),45.50623,-73.55976
4010,405,City Councillors / du President-Kennedy,45.506251,-73.571391
4011,406,St-Jacques / St-Laurent,45.506421,-73.556466
4012,407,St-Urbain / de la Gauchetière,45.507078,-73.561395
4013,408,Notre-Dame / St-Gabriel,45.507144,-73.555119
4014,409,du Champ-de-Mars / Gosford,45.509655,-73.554009
4015,410,Métro Champ-de-Mars (Viger / Sanguinet),45.510351,-73.556508
4016,411,St-André / St-Antoine,45.514114,-73.552645
4017,412,Ottawa / William,45.489727,-73.564063
4018,413,Joseph-Manseau / René-Lévesque,45.491687,-73.576767
4019,414,Notre-Dame / de la Montagne,45.493029,-73.564818
4020,415,Lucien L'Allier / St-Jacques,45.493569,-73.568576
4021,418,Métro Lucien-L'Allier  (Lucien l'Allier / Argyle),45.494872,-73.571124
4022,419,Duke / Brennan,45.495581,-73.553711
4023,420,Bishop / Ste-Catherine,45.496583,-73.576502
4024,421,de la Commune / King,45.497515,-73.552571
4025,422,William / St-Henri,45.498919,-73.557254
4026,423,Queen / Wellington,45.497605,-73.55535
4027,425,Labadie / du Parc,45.519895,-73.596827
4028,427,de l'Esplanade / Fairmount,45.521496,-73.596827
4029,428,Jeanne-Mance / St-Viateur,45.523027,-73.60184
4030,429,Waverly / St-Viateur,45.523856,-73.600127
4031,430,de Bullion / St-Joseph,45.524037,-73.590143
4032,431,Bernard / Jeanne-Mance,45.524287,-73.604973
4033,432,Maguire / St-Laurent,45.524628,-73.595811
4034,433,Hutchison / Van Horne,45.524942,-73.610606
4035,434,de Gaspé / Fairmount,45.525648,-73.592928
4036,435,St-Viateur / St-Laurent,45.525931,-73.598839
4037,436,Drolet / Laurier,45.526252,-73.589758
4038,437,St-Dominique / St-Viateur,45.526557,-73.598276
4039,438,Maguire / Henri-Julien,45.527041,-73.593471
4040,439,Waverly / Van Horne,45.527363,-73.607723
4041,440,Casgrain / St-Viateur,45.527513,-73.598791
4042,441,de Gaspé / St-Viateur,45.527748,-73.597439
4043,442,Henri-Julien / du Carmel,45.527839,-73.594821
4044,443,St-Dominique / Bernard,45.527933,-73.601223
4045,444,Berlioz / de l'Île des Soeurs,45.459986,-73.543956
4046,445,Place du Commerce,45.46714,-73.54259
4047,447,Léa-Roback / Sir-Georges-Etienne-Cartier,45.471669,-73.582644
4048,448,Jacques-Le Ber / de la Pointe Nord,45.472503,-73.539285
4049,449,Ste-Émilie / Sir-Georges-Etienne-Cartier,45.472668,-73.58539
4050,450,Ryde / Charlevoix,45.475743,-73.564601
4051,451,Métro Place St-Henri (St-Ferdinand / St-Jacques),45.477249,-73.587238
4052,452,Fortune / Wellington,45.477923,-73.559038
4053,453,Métro Charlevoix (Centre / Charlevoix),45.478228,-73.569651
4054,455,Bourgeoys / Favard,45.47993,-73.555921
4055,456,Ropery / Augustin-Cantin,45.480914,-73.56846
4056,459,Duvernay / Charlevoix,45.482098,-73.574876
4057,461,Shearer / Centre,45.483006,-73.562187
4058,462,Charlevoix / Lionel-Groulx,45.483928,-73.577312
4059,463,Augustin-Cantin / Shearer,45.484018,-73.563437
4060,464,Richardson / de Montmorency,45.48498,-73.560333
4061,465,Georges-Vanier / Notre-Dame,45.485048,-73.571963
4062,466,Quesnel / Vinet,45.485889,-73.577514
4063,467,Guy / Notre-Dame,45.490042,-73.567111
4064,468,Young / Wellington,45.492825,-73.557978
4065,469,de la Commune / St-Sulpice,45.504242,-73.55347
4066,470,de la Commune / Place Jacques-Cartier,45.50761,-73.551836
4067,471,de la Commune / Berri,45.51086,-73.54983
4068,472,Rachel / de Brébeuf,45.52689,-73.57264
4069,474,Métro Acadie (de l'Acadie / Beaumont),45.523575,-73.623443
4070,477,Métro de la Savane (de Sorel / Bougainville),45.500451,-73.661428
4071,478,Dollard / Bernard,45.516783,-73.611423
4072,479,Casgrain / Maguire,45.525933,-73.595253
4073,480,Jeanne-Mance / Beaubien,45.52765,-73.6123
4074,481,Alfred Laliberté / de Poutrincourt,45.53308,-73.694597
4075,482,Chabanel / du Parc,45.538308,-73.654884
4076,483,Gare Bois-de-Boulogne,45.539726,-73.677165
4077,484,Laforest / Dudemaine,45.539806,-73.687266
4078,485,Chabanel / de l'Esplanade,45.540686,-73.653376
4079,486,Papineau / Émile-Journault,45.559884,-73.633568
4080,487,16e avenue / Jean-Talon,45.56244,-73.595333
4081,488,Rosemont / Viau,45.56833,-73.566663
4082,489,de St-Firmin / Fleury,45.570657,-73.651842
4083,490,41e avenue / Rosemont,45.57179,-73.564315
4084,491,Fleury / André-Jobin,45.576,-73.646765
4085,492,de Lisieux / Jean-Talon,45.579349,-73.581681
4086,493,de Belleville / Fleury,45.58116,-73.641243
4087,495,Dumesnil / Bélanger,45.587778,-73.569354
4088,496,des Récollets / Martial,45.590892,-73.640617
4089,497,François-Boivin / Bélanger,45.592596,-73.566175
4090,498,Notre-Dame / Liébert,45.592803,-73.510466
4091,499,Liébert / Hochelaga,45.595875,-73.523528
4092,500,Parc d'Antioche (Place d'Antioche / St-Zotique),45.595352,-73.55859
4093,501,Bélanger / des Galeries d'Anjou,45.597221,-73.56279
4094,502,William / Robert-Bourassa,45.497165,-73.55933
4095,504,Gagne / LaSalle,45.422451,-73.601194
4096,505,Parc Highlands (Highlands / LaSalle),45.426124,-73.657416
4097,506,Cégep André-Laurendeau,45.435665,-73.605652
4098,507,Newman / Senkus,45.444043,-73.613752
4099,508,LaSalle / Godin,45.446934,-73.572199
4100,509,Elgar / de l'Île-des-Sœurs,45.456823,-73.546804
4101,510,Hickson / Wellington,45.464892,-73.566998
4102,511,Grand Boulevard / de Terrebonne,45.470544,-73.63168
4103,512,Turgeon / Notre-Dame,45.478888,-73.581989
4104,513,St-Jacques / des Seigneurs,45.489186,-73.5719
4105,514,des Bassins / du Séminaire,45.490452,-73.560172
4106,515,Parc Plage,45.502828,-73.527793
4107,516,Lusignan / St-Jacques,45.492222,-73.569348
4108,517,Bibliothèque du Boisé (Thimens / Todd),45.504635,-73.704432
4109,519,Beaudet / Marcel-Laurin,45.506843,-73.681757
4110,520,Métro du Collège (Cartier / Décarie),45.508439,-73.672965
4111,521,Thimens / Alexis-Nihon,45.508978,-73.698564
4112,522,de l'Eglise / St-Germain,45.512559,-73.677011
4113,523,Ste-Croix / Tassé,45.519492,-73.685104
4114,524,O'Brien / Poirier,45.52246,-73.691564
4115,525,Casino de Montréal,45.506373,-73.524577
4116,526,Quai de la navette fluviale,45.513741,-73.538382
4117,527,Métro Longueuil - Université de Sherbrooke,45.523319,-73.520127
4118,528,Place Longueuil,45.52841,-73.517166
4119,529,St-Charles / Montarville,45.533682,-73.515261
4120,530,Collège Édouard-Montpetit (de Gentilly / de Normandie),45.537226,-73.495067
4121,531,St-Charles / Grant,45.539824,-73.508752
4122,532,Marché Atwater,45.480208,-73.577599
4123,533,Atwater / Greene,45.480495,-73.577827
4124,537,Villeneuve / St-Laurent,45.521342,-73.589419
4125,538,Dollard / Van Horne,45.519153,-73.616469
4126,540,Stuart / St-Viateur,45.516079,-73.607798
4127,541,Parc Outremont (Bloomfield / Elmwood),45.518309,-73.603286
4128,542,Parc Joyce (Rockland / Lajoie),45.515617,-73.614991
4129,543,Davaar / de la Côte-Ste-Catherine,45.514379,-73.610871
4130,544,Bloomfield / Bernard,45.520688,-73.608428
4131,546,Bloomfield / Van Horne,45.522586,-73.612658
4132,547,Métro Édouard-Montpetit (du Mont-Royal / Vincent-d'Indy),45.510086,-73.611429
4133,548,Waverly / St-Zotique,45.530505,-73.614708
4134,549,du Mont-Royal / Augustin-Frigon,45.543763,-73.56772
4135,550,Drolet / Beaubien,45.533348,-73.605834
4136,551,Métro Beaubien (de Chateaubriand / Beaubien),45.53536,-73.603635
4137,552,de Bellechasse / de St-Vallier,45.53341,-73.601124
4138,553,Boyer / Beaubien,45.537041,-73.602026
4139,554,Chambord / Beaubien,45.539932,-73.599343
4140,555,Centre ÉPIC (St-Zotique / 40e avenue),45.574147,-73.574621
4141,556,Chabot / Beaubien,45.544376,-73.595645
4142,557,Louis-Hébert / de Bellechasse,45.546661,-73.588684
4143,558,Molson / Beaubien,45.549686,-73.591155
4144,559,Beaubien / 8e avenue,45.553457,-73.587842
4145,560,16e avenue / Beaubien,45.558281,-73.583159
4146,561,29e avenue / St-Zotique,45.567766,-73.579688
4147,562,de la Roche /  de Bellechasse,45.537159,-73.597476
4148,563,Chabot / de Bellechasse,45.54257,-73.592144
4149,564,Louis-Hébert / Beaubien,45.548186,-73.59201
4150,565,Alexandra / Jean-Talon,45.532331,-73.620187
4151,566,Marché Jean-Talon (Henri-Julien / Jean-Talon),45.536785,-73.614888
4152,567,Bélanger / St-Denis,45.53696,-73.61199
4153,568,de la Roche / Bélanger,45.54167,-73.607604
4154,569,Boyer / Bélanger,45.54006,-73.60897
4155,570,de Lanaudière / Bélanger,45.543651,-73.60565
4156,571,Cartier / Bélanger,45.546797,-73.602664
4157,572,des Érables / Bélanger,45.549121,-73.600874
4158,573,Parc Père-Marquette (Chambord / Rosemont),45.537088,-73.593219
4159,574,Boyer / Jean-Talon,45.541586,-73.612481
4160,575,Louis-Hémon / Rosemont,45.544599,-73.588223
4161,576,1ère avenue / Rosemont,45.5478,-73.584867
4162,577,5e avenue / Rosemont,45.5499,-73.583084
4163,578,Marquette / des Carrières,45.538799,-73.5887
4164,579,Dandurand / de Lorimier,45.540881,-73.584157
4165,580,Cartier / Dandurand,45.539236,-73.585946
4166,581,de Gaspé / Marmier,45.529686,-73.601728
4167,582,Fabre / St-Zotique,45.543452,-73.60101
4168,583,de Bordeaux / St-Zotique,45.546539,-73.598665
4169,584,Marmier / St-Denis,45.530871,-73.598345
4170,585,Louis-Hébert / St-Zotique,45.55001,-73.59576
4171,586,Fabre / Beaubien,45.54206,-73.597873
4172,588,Parc du Pélican (2e avenue / St-Joseph),45.544513,-73.571564
4173,589,St-Dominique / St-Zotique,45.532265,-73.611063
4174,590,de Gaspé / Dante,45.534298,-73.612172
4175,591,Mozart / St-Laurent,45.53318,-73.61544
4176,592,Boyer / St-Zotique,45.53848,-73.60556
4177,593,de St-Vallier / St-Zotique,45.536261,-73.607546
4178,594,Drolet / St-Zotique,45.534882,-73.609412
4179,595,28e avenue / Rosemont,45.564353,-73.571244
4180,596,Casgrain / Mozart,45.534727,-73.614793
4181,597,12e avenue / St-Zotique,45.556867,-73.589307
4182,598,1ère  avenue / St-Zotique,45.551937,-73.593928
4183,600,Jardin Botanique (Pie-IX / Sherbrooke),45.554947,-73.555295
4184,601,18e avenue / Rosemont,45.557896,-73.576529
4185,602,Hôpital Maisonneuve-Rosemont (Rosemont / Chatelain),45.575707,-73.561562
4186,604,35e avenue / Beaubien,45.570081,-73.573047
4187,606,de Chambly / Rachel,45.549911,-73.558263
4188,607,10e avenue / Masson,45.550306,-73.573353
4189,608,d'Orléans / Masson,45.557192,-73.569847
4190,610,1ère avenue / Masson,45.5452,-73.576451
4191,611,15e avenue / Masson,45.553898,-73.571387
4192,613,Parc J.-Arthur-Champagne (de Chambly / du Mont-Royal),45.551584,-73.561916
4193,614,Omer-Lavallée / du Midway,45.545776,-73.562175
4194,616,Cartier / Rosemont,45.541247,-73.591044
4195,619,St-Urbain / Beaubien,45.52951,-73.61068
4196,620,Ernest-Gendreau / du Mont-Royal,45.549714,-73.563848
4197,622,Place Émilie-Gamelin (St-Hubert / de Maisonneuve),45.515901,-73.559948
4198,623,de Maisonneuve / Mansfield (nord),45.502311000000006,-73.5733635
4199,624,St-Jacques / McGill,45.501441,-73.560144
4200,625,St-Urbain / René-Lévesque,45.507838,-73.563136
4201,626,de Maisonneuve / Mansfield (sud),45.502145,-73.57342700000001
4202,627,Durocher / Bernard,45.522225,-73.606687
4203,628,La Ronde,45.521565,-73.535332
4204,629,Aylmer / Sherbrooke,45.506587,-73.573299
4205,630,Querbes / Laurier,45.51754,-73.597832
4206,631,26e avenue / Beaubien,45.564944,-73.577639
4207,633,Jogues / Allard,45.45002,-73.600306
4208,634,Mackay / Ste-Catherine,45.495709,-73.576952
4209,635,19e avenue / St-Zotique,45.561594,-73.585643
4210,636,de Maisonneuve / Greene,45.486971,-73.589293
4211,637,Hillside / Ste-Catherine,45.482826,-73.590843
4212,638,Victoria / de Maisonneuve,45.477429,-73.600169
4213,639,Victoria Hall,45.481291,-73.60033
4214,641,2e avenue / Jean-Rivard,45.562509,-73.61656
4215,642,Henri-Julien / de Castelnau,45.537891,-73.618215
4216,644,Chambord / Jean-Talon,45.544846,-73.610536
4217,645,Louis-Hébert / Bélanger,45.551585,-73.599165
4218,646,Gary-Carter / St-Laurent,45.5359,-73.622443
4219,647,St-Dominique / Gounod,45.538738,-73.628022
4220,648,Guizot / St-Laurent,45.539663,-73.634475
4221,650,Drolet / Gounod,45.540951,-73.626375
4222,651,de Gaspé / Jarry,45.54078,-73.630401
4223,652,Guizot / St-Denis,45.543424,-73.632462
4224,653,de Gaspé / de Liège,45.542485,-73.636342
4225,654,du Rosaire / St-Hubert,45.544819,-73.62151
4226,656,de Chateaubriand / Jarry,45.545955,-73.626992
4227,657,de la Roche / Everett,45.544867,-73.614841
4228,658,Marquette / Villeray,45.550684,-73.615293
4229,659,St-Dominique / Jean-Talon,45.535248,-73.617564
4230,660,Louis-Hémon / Villeray,45.554961,-73.610737
4231,661,Métro St-Michel (Shaughnessy / St-Michel),45.559199,-73.599658
4232,663,d'Outremont / Ogilvy,45.52687,-73.626723
4233,664,de Normanville / Villeray,45.54717,-73.618041
4234,665,Lajeunesse / Villeray,45.542119,-73.622547
4235,666,Villeray / St-Michel,45.561059,-73.603967
4236,668,Marquette / Jean-Talon,45.547408,-73.607669
4237,669,de Bordeaux / Jean-Talon,45.549755,-73.605566
4238,671,Ball / Querbes,45.531177,-73.632136
4239,674,Drolet / Jarry,45.541955,-73.629942
4240,675,Clark / de Liège,45.539984,-73.638135
4241,676,Boyer / Rosemont,45.534136,-73.595478
4242,677,Bernard / St-Urbain,45.526267,-73.603191
4243,678,CIUSSS (du Trianon / Pierre-de-Coubertin),45.587531,-73.531907
4244,680,Hôpital Santa Cabrini (St-Zotique / Jeanne-Jugan),45.579325,-73.570504
4245,681,St-Denis / René-Lévesque,45.512871,-73.558466
4246,682,du Président-Kennedy / Jeanne-Mance,45.508205,-73.568814
4247,684,Jeanne-Mance / René-Lévesque,45.506371,-73.564201
4248,686,Desjardins / Ontario,45.551192,-73.540873
4249,687,Metcalfe / du Square-Dorchester,45.500208,-73.571138
4250,688,Métro Viau (Pierre-de-Coubertin / Viau),45.561783,-73.546611
4251,689,de Mentana / Gilford,45.528724,-73.583859
4252,690,St-Maurice / Robert-Bourassa,45.498578,-73.560242
4253,691,Métro Honoré-Beaugrand (Sherbrooke / Honoré-Beaugrand),45.596797,-73.535179
4254,692,Paré / Mountain Sights,45.4981,-73.652942
4255,693,Métro Radisson (Sherbrooke / des Groseilliers),45.589175,-73.539656
4256,694,Graham / Brookfield,45.520222,-73.629856
4257,696,Hutchison / Beaubien,45.526058,-73.612969
4258,699,St-Jean-Baptiste / René-Lévesque,45.641557,-73.500375
4259,701,du Tricentenaire / Prince-Albert,45.649546,-73.491916
4260,702,de Maisonneuve / Aylmer (est),45.505386,-73.570432
4261,703,du Souvenir / Chomedey,45.551886,-73.74444
4262,704,Métro Montmorency,45.558109,-73.719598
4263,705,Parc St-Claude (7e avenue / 8e rue),45.562668,-73.692362
4264,706,Métro Cartier,45.56003,-73.681336
4265,749,Atateken / du Square Amherst,45.5206338,-73.563906
4266,750,Métro Sherbrooke (de Rigaud / St-Denis),45.5179989,-73.5681841
4267,751,Bourget / St-Jacques,45.4808458,-73.5838616
4268,752,Métro Bonaventure (de la Gauchetière / de la Cathédrale),45.4983122,-73.567256
4269,753,Mansfield / Ste-Catherine,45.5013987,-73.5717863
4270,756,Notre-Dame / Jean-d'Estrées,45.4942598,-73.5638181
4271,757,de Gaspé / Beaubien,45.5319579,-73.607001
4272,758,des Érables / du Mont-Royal,45.5358535,-73.5720545
4273,760,St-Dominique / de Bellechasse,45.5295036,-73.6048646
4274,761,St-Dominique / du Mont-Royal,45.5205595,-73.5858203
4275,762,St-Dominique / Napoléon,45.5166644,-73.5772204
4276,763,Métro Jean-Talon (Berri / Jean-Talon),45.5390004,-73.614251
4277,764,St-Dominique / Laurier,45.5236149,-73.5924574
4278,765,Faillon / St-Denis,45.5398641,-73.6203128
4279,767,de Gaspé / Villeray,45.5388872,-73.623907
4280,769,Grand Trunk / d'Hibernia,45.47968,-73.56385
4281,770,Rivier / Davidson,45.5461147,-73.5570931
4282,771,Métro Parc  (Hutchison / Ogilvy),45.5303513,-73.6243924
4283,772,de la Salle / Hochelaga,45.5541523,-73.5474935
4284,774,Parc St-Henri (Laporte / Guay),45.4801338,-73.5859081
4285,775,St-Hubert / St-Joseph,45.5280879,-73.5858625
4286,776,de la Côte St-Antoine / Argyle,45.486241,-73.5957277
4287,778,Métro Jolicoeur (de Sève / Drake),45.4560855,-73.5819371
4288,779,de Bleury / de Maisonneuve,45.5070965,-73.5684416
4289,780,LaSalle / 80e avenue,45.4157687,-73.6379242
4290,781,Kirkfield / de Chambois,45.5129332,-73.6338902
4291,782,Garnier / Everett,45.5476247,-73.6120248
4292,783,8e avenue / Jarry,45.5616903,-73.610512
4293,784,de la Côte St-Paul / St-Ambroise,45.4676657,-73.5939178
4294,785,des Jockeys / Décarie,45.4940443,-73.6544949
4295,786,LaSalle / 37e avenue,45.4163102,-73.6129159
4296,788,Bennett / Pierre-de-Coubertin,45.5581597,-73.5484001
4297,790,Métro de Castelnau (de Castelnau / St-Laurent),45.5357088,-73.6196235
4298,834,Graham / Wicksteed,45.5169365,-73.640483
4299,835,Melville / de Maisonneuve,45.4818402,-73.595379
4300,836,de la Pépinière / Pierre-de-Coubertin,45.5762592,-73.5383123
4301,837,de Maisonneuve / Aylmer (ouest),45.505063,-73.5706812
4302,838,Drolet / Marie-Anne,45.5224026,-73.5811767
4303,840,des Bassins / Richmond,45.487531,-73.56507
4304,841,de Laprairie / Centre,45.4813667,-73.5643189
4305,842,Graham / Kindersley,45.51405,-73.6472556
4306,843,Glengarry / Graham,45.50919,-73.6603206
4307,845,Garnier / St-Grégoire,45.5358344,-73.5870212
4308,846,Chabot / Villeray,45.5522894,-73.6130065
4309,851,18e avenue / St-Joseph Lachine,45.4329767,-73.6808154
4310,852,Eleanor / Ottawa,45.4924627,-73.5607839
4311,855,Clark / Ontario,45.5106246,-73.5669033
4312,856,Smith / Peel,-1.0,-1.0
4313,858,Henri-Julien / de Bellechasse,45.5295036,-73.6048646
4314,859,Campus MIL (Outremont / Thérèse-Lavoie Roux),45.5231722,-73.6180971
4315,860,Parc Jean-Drapeau (Chemin Macdonald),45.5128006,-73.5311159
4316,862,St-Charles / St-Sylvestre,45.5363438,-73.5127777
4317,864,Métro Villa-Maria (de Monkland / Décarie),45.4789684,-73.6195993
4318,865,Jeanne-Mance / Laurier,45.5201249,-73.5952138
4319,866,des Ormeaux / Notre-Dame,45.5992655,-73.5122607
4320,868,10e avenue / Holt,45.5519116,-73.5792112
4321,869,Christophe-Colomb / St-Joseph,45.5303649,-73.5843927
4322,873,Clark / St-Zotique,45.531611,-73.6133498
4323,874,St-Gérard / Villeray,45.5426454,-73.6224445
4324,876,Plessis / Logan,45.5217675,-73.5571025
4325,880,des Soeurs-Grises / Marguerite-d'Youville,45.4987648,-73.5544766
4326,881,Jeanne-Mance / Bernard,45.5244504,-73.6051744
4327,884,de Castelnau / Lajeunesse,45.5403962,-73.6168179
4328,886,Fullum / Holt,45.5439195,-73.5842489
4329,887,3e avenue / Holt,45.5480035,-73.5813899
4330,888,Mozart / Waverly,45.5315651,-73.6169464
4331,890,Boucher / St-Denis,45.5278492,-73.5918613
4332,891,5e avenue / Masson,45.5475583,-73.5754719
4333,892,des Érables / Dandurand,45.5413694,-73.583974
4334,893,René-Lévesque / 9e avenue,45.6407393,-73.5008258
4335,895,Bloomfield / Jean-Talon,45.5274603,-73.6241752
4336,897,Gilford / Parthenais,45.5378393,-73.5748386
4337,898,Louis-Hémon / Jean-Talon,45.5517743,-73.6034784
4338,899,de Grosbois / Ducheneau,45.6112307,-73.5312416
4339,901,Notre-Dame-de-Grâce / Westmount,45.4804701,-73.6112161
4340,903,Sherbrooke / Vignal,45.4898298,-73.5896777
4341,904,Marmier,45.5310066,-73.5987988
4342,906,Parc Ludger-Duvernay (St-André / St-Hubert),45.5314746,-73.5924205
4343,907,Métro Pie-IX (Pierre-de-Coubertin / De La Salle),45.5552411,-73.5508221
4344,908,Lajeunesse / de Liège,45.5455805,-73.6349
4345,909,de Chateaubriand / Leman,45.5472345,-73.6310256
4346,910,Fullum / Marie-Anne,45.5365054,-73.5680392
4347,911,Rose-de-Lima / Workman,45.4802642,-73.5809936
4348,912,Grey / Sherbrooke,45.4763443,-73.6062594
4349,913,Parc Benny (Benny / de Monkland),45.4669357,-73.6315311
4350,914,Earnscliffe / Queen-Mary,45.4818451,-73.6303738
4351,915,McLynn / Plamondon,45.4891131,-73.6470129
4352,916,St-Cyril / Wiseman,45.5208548,-73.6157396
4353,917,Boyer / Everett,45.5432845,-73.6162861
4354,918,Crescent / René-Lévesque,45.4959617,-73.5732535
4355,919,des Récollets / McGill,45.5008765,-73.5590056
4356,921,Fullum / de Rouen,45.5321322,-73.5587601
4357,922,Aréna Rodrigue-Gilbert (du Tricentenaire / de Montigny),45.6514058,-73.5004127
4358,923,Fullum / Ontario,45.5303174,-73.5548669
4359,924,Place du Village-de-la-Pointe-aux-Trembles (St-Jean-Baptiste / Notre-Dame),45.6400029,-73.490113
4360,925,la Fontaine / Alexandre-de-Sève,45.5233037,-73.5579997
4361,926,Cégep Marie-Victorin,45.6174998,-73.6060113
4362,927,Hôpital Sacré-Coeur (Forbes),45.5319436,-73.7136054
4363,928,Place Rodolphe-Rousseau (Gohier / Édouard-Laurin),45.5129939,-73.6824985
4364,929,Molson / William-Tremblay,45.5415485,-73.5650124
4365,930,Messier / St-Joseph,45.5394606,-73.5760564
4366,931,Ateliers municipaux de St-Laurent (Cavendish / Poirier),45.5061758,-73.7111861
4367,932,Centre des loisirs (Tassé / Grenet),45.5147343,-73.691449
4368,934,McKenna / Édouard-Montpetit,45.5011651,-73.6205475
4369,935,St-Catherine / St-Laurent,45.5099315,-73.5638067
4370,936,Du Quesne / Pierre-de-Coubertin,45.5750536,-73.5389322
4371,937,Ste-Claire / Pierre-Tétreault,45.6019133,-73.5244185
4372,938,Richmond / des Bassins,45.4875216,-73.565003
4373,940,St-Joseph /21e avenue Lachine,45.4335565,-73.6840434
4374,941,André-Laurendeau / Rachel,45.5428981,-73.561846
4375,942,des Érables / Laurier,45.5384608,-73.5776791
4376,943,Clark / St-Viateur,45.5251603,-73.5992467
4377,944,Robin / 15e rue,45.5594955,-73.6989176
4378,945,Legrand / Cartier,45.552298,-73.7073827
4379,946,Parc nature de l'Île-de-la-Visitation (Gouin / de Bruchési),45.5783318,-73.655954
4380,947,De la Commune / King,45.4975038,-73.5528445
4381,948,Parc Henri-Julien (Legendre / Henri-Julien),45.5460356,-73.6465985
4382,949,Mackay / Sainte-Catherine,45.4957609,-73.5768262
4383,950,Place d'Youville / McGill,45.4999647,-73.5561544
4384,951,Sainte-Catherine / Union,45.5036663,-73.5695761
4385,952,Place du Canada ( Peel / de la Gauchetière),45.4986055,-73.5692275
4386,953,Guizot / Clark,45.5396786,-73.6345875
4387,954,Ste-Catherine / Union,45.5036663,-73.5695761
4388,955,St-Christophe / René-Lévesque,45.5149464,-73.5562329
4389,956,Parc de Dieppe,45.5018635,-73.543961
4390,957,De Lanaudière / du Mont-Royal,45.5302211,-73.5769965
4391,958,Panet / Ste-Catherine,45.5199567,-73.5548166
4392,959,Ann / Ottawa,45.4949697,-73.558042
4393,960,Sainte-Catherine / Parthenais,45.5262351,-73.54895
4394,961,Terminus Newman (Airlie / Lafleur),45.4250597,-73.6495992
4395,962,2e avenue / Centrale,45.4328944,-73.5968529
4396,963,Travaux publics LaSalle (Cordner / Léger),45.4452719,-73.6244836
4397,964,Lapierre / Serge,45.4385441,-73.6202163
4398,965,Brittany / Ainsley,45.5258899,-73.6500344
4399,966,Gloria / Dollard,45.429711,-73.6338834
4400,967,Métro Lionel-Groulx (Walker / Saint-Jacques),45.4832209,-73.5807636
4401,968,Palm / St-Rémi,45.470366,-73.589816
4402,969,Jeanne Le Moyne / Jacques-Le Ber,45.4718801,-73.5379797
4403,970,d'Orléans / du Mont-Royal,45.554133,-73.560226
4404,971,Parc Loyola (Somerled / Doherty),45.460023,-73.644442
4405,972,Parc Van Horne (de la Peltrie / de Westbury),45.4904723,-73.6385324
4406,973,de la Rotonde / Jacques-Le Ber,45.4718801,-73.5379797
4407,974,Parc de la Confédération (Fielding / West Hill),45.471882,-73.6400217
4408,975,Parc MacDonald (Earnscliffe / Dupuis),45.484919,-73.6374146
4409,976,REV (Souligny / Desmarteau),45.6046208,-73.5159963
4410,977,CHU Sainte-Justine (Côte Sainte-Catherine / Hudson),45.5039817,-73.6228395
4411,978,CHU Sainte-Justine (de la Côte Sainte-Catherine / Hudson),45.5039817,-73.6228395
4412,979,des Ormeaux / de Grosbois,45.6059017,-73.5343695
4413,980,Champdoré / de Lorimier,45.5668693,-73.6410168
4414,981,Parc Labelle (Lasalle/ Henri Duhamel),45.472561,-73.5699892
4415,982,Monk / de Biencourt,45.4584299,-73.5960603
4416,983,Egan / Laurendeau,45.4528579,-73.5892488
4417,984,Dorion / Rachel,45.531634,-73.5682458
4418,985,Parc Villeray (Christophe-Colomb / Jarry),45.5480925,-73.624261
4419,986,de Léry / Sherbrooke,45.5409997,-73.5582626
4420,987,St-Charles / Thomas-Keefer,45.477605,-73.573775
4421,988,Monsabré / Boileau,45.5717982,-73.5415497
4422,989,Parc Georges St-Pierre (Oxford / Upper Lachine),45.4689119,-73.6095089
4423,990,Aylmer/ Sainte-Catherine,45.5043468,-73.5689485
4424,991,St-Henri / Gauvin,45.5002783,-73.5598773
4425,992,St-Henri / Notre-Dame,45.5002783,-73.5598773
4426,993,de Grosbois / Duchesneau,45.6112307,-73.5312416
4427,994,Parc Labelle (LaSalle / Henri-Duhamel),45.472561,-73.5699892
4428,995,8e avenue / Everett,45.5648113,-73.5958041
4429,996,Lacombe / Victoria,45.490628,-73.628878
4430,997,Parc MacDonald (Clanranald / Isabella),45.4826927,-73.6348128
4431,998,St-Ambroise / Louis-Cyr,45.4751933,-73.5809433
4432,999,Parc de Beauséjour (Gouin / Henri-d'Arles),45.526765,-73.730423
4433,1000,Parc Champdoré (Champdoré / de Lille),45.5691762,-73.6362934
4434,1002,Vendôme / Sherbrooke,45.475963,-73.6072344
4435,1003,Parc Tino-Rossi (18e avenue / Everett),45.5648113,-73.5958041
4436,1004,Stinson / Montpellier,45.5040143,-73.7044269
4437,1005,Villeneuve / St-Denis,45.5251147,-73.586006
4438,1006,Place du Canada (Peel / de la Gauchetière),45.4984678,-73.5684335
4439,1007,Aylmer / Ste-Catherine,45.5043468,-73.5689485
4440,1008,Ste-Catherine / Parthenais,45.5262351,-73.54895
4441,1009,de Lanaudière / du Mont-Royal,45.5302211,-73.5769965
4442,1010,Métro Pie-IX (Pierre-de-Coubertin / de la Salle),45.5552411,-73.5508221
4443,1011,St-Joseph / 21e avenue Lachine,45.4335565,-73.6840434
4444,1012,Parc Georges St-Pierre (Upper Lachine / Oxford),45.4690265,-73.609537
4445,1013,Everett / 8e avenue,45.5575132,-73.6017948
4446,1014,Robert Bourassa / Sainte-Catherine,45.5032151,-73.5699785
4447,1015,Robert-Bourassa / Ste-Catherine,45.5032151,-73.5699785
4448,1016,Parc Howard (de l'Épée / de Liège),45.5616903,-73.610512
4449,1017,Sabrevois / des Récollets,45.5832879,-73.6327636
4450,1018,Boyer / Rachel,45.5252551,-73.5752406
4451,1019,Bishop/ René-Lévesque,45.4953231,-73.5738867
4452,1020,Parc Maisonneuve (Viau / Sherbrooke),45.5649368,-73.5555911
4453,1021,Duchesneau/Marseille,45.6096263,-73.522739
4454,1022,Duchesneau / Marseille,45.6096263,-73.522739
4455,1023,Mansfield / Cathcart,45.5007599,-73.5704827
4456,1024,6e avenue / Bélanger,45.5545638,-73.5961568
4457,1025,Marquette / Gilford,45.5338507,-73.5789116
4458,1026,Duchesneau / de Marseille,45.6096263,-73.522739
4459,1027,St-Antoine / de la Montagne,45.4953717,-73.5685891
4460,1028,Berri/ Duluth,45.5216853,-73.5749415
4461,1029,Métro Lionel-Groulx (Saint-Jacques/ Atwater),45.4836285,-73.5797026
4462,1030,Bishop / René-Lévesque,45.4953231,-73.5738867
4463,1031,Berri / Duluth,45.5216853,-73.5749415
4464,1032,Parc des Hirondelles (Fleury / André-Jobin),45.5760003,-73.6467648
4465,1033,Parc Baldwin (Fullum / Sherbrooke),45.5340705,-73.5626507
4466,1034,Parc Père-Marquette (de Lanaudière / de Bellechasse),45.539324,-73.5958784
4467,1036,Dixie / 53e avenue,45.4433506,-73.7169045
4468,1037,Alexis-Nihon / St-Louis,45.5003388,-73.6826205
4469,1038,Parc Marlborough (Beauzèle / Robichaud),45.5223415,-73.7216789
4470,1039,Fleury / de St-Firmin,45.5705064,-73.6517805
4471,1040,Parc Reine-Élizabeth (Penniston / Crawford),45.4391447,-73.5917366
4472,1041,Parc du Pélican (1ère avenue / Masson),45.5451997,-73.5764507
4473,1042,Hutchison / Beaumont,45.5284463,-73.6187021
4474,1043,Dandurand / des Érables,45.5408227,-73.5842103
4475,1044,Gilford / des Érables,45.5375266,-73.5751244
4476,1045,Parc Langelier - Marie-Victorin,45.6144298,-73.6122333
4477,1046,Robin / de la Visitation,45.5209227,-73.5591772
4478,1047,Parc Hébert ( Provencher / Buies),45.5716274,-73.5920477
4479,1048,41e avenue / Victoria,45.440347,-73.7023133
4480,1049,Métro Snowdon (Dornal / Westbury),45.4856314,-73.6287649
4481,1050,Parc Ivan-Franko (33e avenue / Victoria),45.43746,-73.6935318
4482,1051,19e avenue / Saint-Antoine,45.4397787,-73.6813706
4483,1052,Parc Maurice Bélanger (Forest / de l'Hôtel-de-Ville),45.5883561,-73.6317122
4484,1053,Pratt / Bates,45.5169478,-73.6263156
4485,1054,McCulloch / de la Côte Ste-Catherine,45.5157751,-73.6006093
4486,1055,Parc Sauvé (Balzac / de Bayonne),45.5990861,-73.6369479
4487,1056,Ste-Catherine / Sanguinet,45.5128938,-73.5612479
4488,1057,de Côme / Jean-Talon,45.588303,-73.5778372
4489,1058,Wellington / 2e avenue,45.4575911,-73.5675594
4490,1059,Wellington / Hickson,45.4650577,-73.5667753
4491,1060,Legrand / Laurier,45.5502232,-73.7054669
4492,1061,Parc Hébert (Provencher / Buies),45.5716274,-73.5920477
4493,1062,Beurling / Godin,45.4479158,-73.5838187
4494,1063,Letourneaux / Ste-Catherine,45.5507836,-73.5341
4495,1064,8e avenue / Saint-Joseph Lachine,45.4316481,-73.6711246
4496,1065,Laurier / Parisi,45.549783,-73.7063098
4497,1066,Dorion / Gauthier,45.5306736,-73.5662503
4498,1067,Chabot / Laurier,45.5368558,-73.5793731
4499,1068,Métro Fabre (Marquette / Jean-Talon),45.5474078,-73.6076689
4500,1069,Métro Plamondon (de Kent / Victoria),45.494564,-73.638702
4501,1070,Métro Place-des-Arts (du Président-Kennedy / Jeanne-Mance),45.5082046,-73.5688144
4502,1071,Letourneux / Ste-Catherine,45.5507836,-73.5341
4503,1072,Métro Jarry (Lajeunesse / Jarry),45.5435597,-73.627772
4504,1073,Gilford / St-Denis,45.5251147,-73.586006
4505,1074,Sicard / Adam,45.5548617,-73.5327172
4506,1075,Parc Maurice Bélanger (Hebert / Forest),45.5880822,-73.6322231
4507,1076,Durocher / Beaumont,45.5280002,-73.6192358
4508,1077,Marie-Anne / Papineau,45.5317737,-73.5724462
4509,1078,Parc du Pélican (Laurier/ 2e avenue),45.5449577,-73.5728859
4510,1079,Saint-Viateur / Casgrain,45.5271166,-73.5977359
4511,1080,Maguire / Saint-Dominique,45.5252675,-73.5952374
4512,1081,Monk / Jacques-Hertel,45.4597531,-73.5964214
4513,1082,Péloquin / Fleury,45.5570222,-73.6599016
4514,1083,de l’hôtel de ville / Saint-Joseph,45.5242771,-73.5892904
4515,1084,Des Érables / Villeray,45.5539483,-73.6115748
4516,1085,Parc Henri-Durant (Léger / Henri-Durant),45.5684396,-73.6752021
4517,1086,Parc Chopin (Dumouchel / Tessier),45.5707266,-73.737086
4518,1087,27e avenue / Rosemont,45.5636787,-73.5716045
4519,1088,de l'Hôtel-de-Ville / St-Joseph,45.5242771,-73.5892904
4520,1089,St-Viateur / Casgrain,45.5271166,-73.5977359
4521,1090,Métro Beaudry (Montcalm / de Maisonneuve),45.519132,-73.5578897
4522,1091,Durocher / St-Viateur,45.5207958,-73.6032707
4523,1092,de Normanville / Beaubien,45.5392943,-73.6004199
4524,1093,Querbes / Ball,45.5311169,-73.6322325
4525,1094,Sanguinet / Sainte-Catherine,45.5128612,-73.5615949
4526,1095,Langelier / Marie-Victorin,45.6145192,-73.6122447
4527,1096,Drummond / Sherbrooke,45.5003924,-73.578168
4528,1098,Chomedey / Lincoln,45.4922268,-73.5847816
4529,1099,Parc Dixie (54e avenue / Dixie),45.442397,-73.7176502
4530,1100,Parc Outremont (Bloomfield / St-Viateur),45.5190491,-73.6049806
4531,1101,de Rouen / Lespérance,45.5386271,-73.5528392
4532,1102,Ropery / Grand Trunk,45.4786714,-73.565705
4533,1103,Parc Wilfrid-Bastien (Lacordaire / des Galets),45.5864002,-73.5952181
4534,1104,Parc Delorme (Malouin / Laferté),45.5904902,-73.5902694
4535,1105,Parc St-Laurent (Salk / Thomas-Chapais),45.6062348,-73.6287838
4536,1106,Parc Saint-Laurent (Dutrisac),45.5259138,-73.6891115
4537,1107,Parc Beaulac (rue Élizabeth),45.5200557,-73.6779515
4538,1108,CHSLD St-Michel (8e avenue / Jarry),45.5616903,-73.610512
4539,1109,Mairie d'arrondissement Montréal-Nord (Hébert / de Charleroi),45.593985,-73.6376721
4540,1110,Parc Luigi-Pirandello (de Bretagne / Jean-Rivard),45.5794057,-73.6025888
4541,1111,Parc LaSalle (10e avenue / Victoria),45.4380555,-73.6727393
4542,1112,Parc Stoney-Point (St-Joseph / 47e avenue),45.4365683,-73.7083697
4543,1113,Parc riverain de Lachine (des Iroquois),45.4305431,-73.6690244
4544,1114,Bibliothèque Jean-Corbeil (Goncourt / Place Montrichard),45.6027276,-73.5579303
4545,1115,Aréna Chaumont (Chaumont / des Ormeaux),45.6109266,-73.5467345
4546,1116,Parc Chamberland (Dorais / de l'Église),45.502989,-73.689113
4547,1117,Parc Noel-Nord (Toupin / Keller),45.5175831,-73.7266141
4548,1118,Parc du Bois-Franc (de l'Équateur / des Andes),45.5131776,-73.7130609
4549,1119,Parc Grovehill (St-Antoine / Ivan-Franko),45.4398238,-73.6948782
4550,1120,Parc Kirkland (des Érables / Boyer),45.4460609,-73.6507995
4551,1121,Parc Painter (Marcotte / Quenneville),45.5286305,-73.6773124
4552,1122,Parc Beaubien (Stuart / St-Viateur),45.516181,-73.6085433
4553,1123,Bibliothèque d'Ahuntsic (Lajeunesse / Fleury),45.5534001,-73.6622545
4554,1124,La Tour de Montréal (Pierre-de-Coubertin / Bennett),45.5597053,-73.5515544
4555,1125,CCI Outremont (Dollard / Durcharme),45.5200191,-73.6189073
4556,1126,Terminus Le Carrefour (Terry-Fox / Le Carr),45.5684203,-73.7468728
4557,1127,Notre-Dame / Murray,45.4941979,-73.5637477
4558,1128,Parc Summerlea (53e avenue / St-Joseph),45.4383671,-73.7154669
4559,1129,Labelle / Ste-Catherine,45.5149954,-73.5591692
4560,1130,de Normanville / Jean-Talon,45.5439624,-73.6107682
4561,1131,Robert-Bourassa / de Maisonneuve,45.503858,-73.5710943
4562,1132,Parc Ottawa (de Belleville / Fleury),45.58116,-73.6412434
4563,1133,Parc Turin (Chambord / Jean-Talon),45.5446806,-73.6101606
4564,1134,Parc St-Paul (Marc-Sauvalle / Le Caron),45.4617012,-73.5840715
4565,1135,du Mont-Royal / Laurendeau,45.5444714,-73.5672507
4566,1136,Terminus Le Carrefour (Terry-Fox / Le Carrefour),45.5684203,-73.7468728
4567,1137,Métro Lionel-Groulx (St-Jacques / Atwater),45.4836285,-73.5797026
4568,1138,Maguire / St-Dominique,45.5252675,-73.5952374
4569,1139,CHU Ste-Justine (de la Côte Ste-Catherine / Hudson),45.5039817,-73.6228395
4570,1140,Parc St-Laurent (Dutrisac),45.5259138,-73.6891115
4571,9,LaSalle / 90e avenue,45.417294,-73.6443
4582,84,Parthenais / du Mont-Royal,45.536346,-73.57131
4717,291,Parthenais / Ste-Catherine,45.526006,-73.548864
4921,535,Leman / de Chateaubriand,45.547218,-73.631103
4967,587,St-Zotique / Clark,45.531401,-73.612674
4987,615,Bourbonnière / du Mont-Royal,45.553571,-73.560494
5061,759,Ann / Wellington,45.4945271,-73.5567525
5262,1142,Parc St-Louis (St-Joseph / 34e avenue),45.4328398,-73.6934915
5263,1145,Parc d'Antioche ( Place d'Antioche / St-Zotique),45.5953519,-73.5586762
5264,1146,Duluth /St-Denis,45.5205975,-73.5759705
5265,1147,Fullum / Terrasse Mercure,45.5354834,-73.5659391
5266,1148,Hutchison/ Van Horne,45.5249771,-73.6106864
5267,1149,Letourneux / Hochelaga,45.5546589,-73.546603
5268,1150,Chambord/ Beaubien,45.5399002,-73.5993621
5269,1151,de la Montagne/ Sherbrooke,45.4997438,-73.5789384
5270,1152,19e avenue / St-Antoine,45.4397787,-73.6813706
5271,1153,de la Peltrie / de la Côte-des-Neiges,45.4997974,-73.6301753
5272,1154,Mozart / Casgrain,45.5347253,-73.6145206
5273,1155,St-Hubert /de Maisonneuve,45.5161321,-73.5604969
5274,1156,Everett / Garnier,45.5475815,-73.6122085
5275,1157,Michelet / Jean-Talon,45.5762911,-73.583529
5276,1158,Parc Ferland (Belleherbe / Albanel),45.595768,-73.5953039
5277,1159,Place du Village (St-Jean-Baptiste / Notre-Dame),45.6400029,-73.490113
5278,1160,Monk / Biencourt,45.4586632,-73.5960227
5279,1161,Durocher / Sherbrooke,45.5070762,-73.5722852
5280,1162,Beaudry / Ontario,45.5214582,-73.5620499
5281,1163,Parc Lalancette (de Rouen/ Valois),45.548145,-73.5471261
5282,1164,Bennett / Adam,45.5536514,-73.5341495
5283,1165,Cégep André-Laurendeau (Lapierre),45.4360551,-73.6057752
5284,1166,Mairie d'arrondissement LaSalle (Dupras / Jeannette),45.429167,-73.6628097
5285,1167,Dixie / 54e avenue,45.4433803,-73.7178916
5286,1168,Ste-Émilie / St-Rémi,45.4697664,-73.5892588
5287,1169,Alexandre-DeSève  / Ontario,45.5243588,-73.5605344
5288,1170,Bloomfied / St-Viateur,45.5191037,-73.6051905
5289,1171,Parc Félix-Leclerc (François-Boivin / St-Zotique),45.591455,-73.5627553
5290,1172,2e avenue /centrale,45.4328946,-73.5968569
5291,1173,Métro de la Concorde (Léo-Lacombe),45.5604899,-73.7091851
5292,1174,Parc Henri-Dunant (Léger / Henri-Dunant),45.5684396,-73.6752021
5293,1175,du Parc-Lafontaine / Rachel,45.5254742,-73.5743251
5294,1176,Bloomfield / Ball,45.5299594,-73.632946
5295,1177,Métro Laurier (Bibaud / Rivard),45.5278391,-73.5895747
5301,1178,Marché Jean-Talon (Casgrain / Shamrock),45.5351901,-73.6154822
5302,1179,de l'Hôtel-de-Ville / Ontario,45.5135916,-73.5662556
5303,1180,Chambord / de Castelnau,45.5453692,-73.6117625
5304,1181,Union / Ste-Catherine,45.5040272,-73.5697022
5305,1182,Peel / Ottawa,45.4941996,-73.5599846
5306,1183,HEC (Decelles / Jean-Brillant),45.4977228,-73.6192533
5307,1184,Northcliffe / Notre-Dame-de-Grâce,45.477802,-73.6150128
5308,1185,Wolfe / de la Gauchetière,45.5162224,-73.5529733
5309,1186,Bassin olympique (Chemin du Chenal le Moyne),45.5169025,-73.5272455
5310,1187,21e avenue / St-Joseph Lachine,45.4335115,-73.6833906
5311,132,St-Charles / Labonté,45.535266,-73.51398
5312,878,King / de la Commune,45.4975258,-73.5531865
5315,1188,Bishop / de Maisonneuve,45.4973855,-73.5779393
5316,1189,Bélanger / St-Laurent,45.5331335,-73.6147285
5317,1190,Louisbourg / O'brien,45.5306042,-73.70377
5318,1191,Métro St-Laurent Dépôt ( de Maisonneuve / St-Laurent),45.5106881,-73.5653074
5319,1192,Wellington / Gordon,45.4611038,-73.5672373
5320,1193,St-Joseph Lachine / 21e avenue,45.4335212,-73.6835432
5321,1194,St-Rémi / Ste Émilie,45.4697664,-73.5892588
5322,1195,Henri-Julien / Duluth,45.5197013,-73.5766625
5323,1196,de Versailles / St-Jacques,45.4927744,-73.5688573
5324,1197,Bossuet / Sherbrooke,45.576113,-73.5469437
5325,1198,de Mentana / St-Joseph,45.529107,-73.584803
5326,1199,St-Denis / Ste-Catherine,45.5137229,-73.5603105
5327,129,de la Salle / Ontario,45.551862,-73.540228
5331,1200,de Châteauguay / Ropery,45.4793011,-73.5662945
5332,1201,Parc de l'Hôtel-de-Ville (Laurendeau / Ste-Julie),45.6308738,-73.4950389
5333,1202,Parc des Vétérans (des Vétérans / Broadway),45.6315812,-73.5079604
5334,1203,Centre récréatif Édouard-Rivet (Lesage / Notre-Dame),45.6283593,-73.5000479
5335,1204,Rachel / du Parc-Lafontaine,45.5254474,-73.5742486
5336,1205,Bibliothèque et Complexe aquatique Rosemont (9e avenue / Rosemont),45.5520234,-73.5817184
5337,1206,Parc Chenier (de l'Aréna / Chenier),45.6024865,-73.5432905
5338,1207,Parc de Montréal-Est (Notre-Dame Est / David),45.6126908,-73.5100499
5339,1208,Notre-Dame / Guy,45.4900138,-73.5672063
5340,1209,Sainte-Catherine / Guy,45.4951965,-73.5778345
5341,1210,Dépôt Festivals ( de Maisonneuve / St-Laurent),45.5106881,-73.5653074
5342,1212,Wolfe / Ste-Catherine,45.517944,-73.5565475
5343,1213,René- Lévesque /Papineau,45.5209516,-73.5499866
5344,1214,René-Lévesque / Papineau,45.5209208,-73.5499048
5345,1215,6e avenue / Villeray,45.5587396,-73.6058904
5346,89,Darling / Sherbrooke,45.545328,-73.556352
5350,1216,Parc Lalancette (de Rouen / Valois),45.548145,-73.5471261
5351,1217,Métro Laurier (Berri / Laurier),45.5275891,-73.5890758
5352,1218,Métro Viau (Viau / Pierre-de-Coubertin),45.5630842,-73.5481941
5353,1219,Guy / Sainte-Catherine,45.4949751,-73.5777704
5354,1220,Dorion / Sherbrooke,45.5293521,-73.5633184
5355,1221,Parc Joseph-Robin (18e avenue / Everett),45.5648113,-73.5958041
5356,1222,Mayfield / St-Martin O,45.5530175,-73.7582266
5357,1223,de Chenonceau / Chomedey,45.56157,-73.75448
5358,1224,Gare Montpellier (Muir / de la Côte-Vertu),45.5237405,-73.6716992
5359,1225,Gare du Ruisseau (Dutrisac / Henri-Bourassa),45.5281437,-73.6925454
5360,1226,Parc Nicolas-Tillemont (des Érables / Villeray),45.5546365,-73.6125522
5361,1227,CHSLD Robert Cliche (de Bellechasse / 16e avenue),45.557568,-73.579191
5362,1228,11e avenue / du Souvenir,45.5693391,-73.7047273
5363,1229,Parc du Mail (Bois de Coulonges / du Mail),45.598335,-73.5459673
5364,1230,Fabrik8 (Waverly / Jean-Talon),45.5333073,-73.6208224
5365,1231,Parc Beaubien Outremont (Stuart / St-Viateur),45.5159697,-73.6082751
5366,1232,Parc Olympique (Pie-IX / Sherbrooke),45.5548245,-73.5537028
5367,1233,Parc Hébert (Colbert / Provencher),45.5723781,-73.5937046
5368,1234,Parc Courbertin (Valéry / Perrier),45.5839877,-73.6080933
5369,1235,Parc Garibaldi (Liénart / Bélanger),45.5864765,-73.5703969
5370,1236,Alton-Goldbloom / Notre-Dame,45.545026,-73.7378767
5371,1237,Parc Charleroi (Alfred / Louis-Francoeur),45.5995347,-73.6236025
5372,1238,Parc Aimé-Léonard (Gouin / Ste-Gertrude),45.6083582,-73.6385062
5373,1239,Parc Maurice-Bélanger (Hébert / Denommée),45.5877138,-73.6317182
5374,1240,CÉGEP du Vieux-Montréal (Ontario / de l'Hôtel-de-Ville),45.5140122,-73.5659867
5375,1241,Complexe sportif Claude Robillard (Émile-Journault),45.5529855,-73.6386477
5376,1242,Gare St-Michel / Montréal-Nord (Pie-IX / 56e),45.5831978,-73.629787
5377,1243,IUSMM (Georges-Villeneuve),45.5865659,-73.5293725
5378,1244,Parc Eusèbe-Ménard (Gouin / St-Vital),45.5925395,-73.6487482
5379,1245,CHSLD Joseph-François-Perrault (St-Michel / Everett),45.5596973,-73.6014596
5380,1246,Mairie d'arrondissement St-Laurent (Beaudet / Marcel-Laurin),45.5068242,-73.681848
5381,1247,Bibliothèque du Vieux-St-Laurent (de l'Église / Filiatrault),45.5128433,-73.6761242
5382,1248,Métro St-Laurent 2 ( de Maisonneuve / St-Laurent),45.5107698,-73.5649373
5383,1249,du Mans / des Alouettes,45.5803349,-73.6847187
5384,1250,Pierre-Péladeau / du Centropolis,45.5625118,-73.7437065
5385,1251,Jeanne-Mance / St-Martin O,45.5574215,-73.7480604
5386,1252,Parc Armand-Bombardier (Perras / Armand-Bombardier),45.6391233,-73.5961118
5387,1253,Parc Angrignon ( Lacroix / des Trinitaires),45.4464195,-73.6014273
5388,1254,Collège de Rosemont (15e avenue / Beaubien),45.5577499,-73.5838012
5389,1255,Le Corbusier / St-Martin O,45.5650067,-73.7319054
5390,1256,Métro Cadillac (Cadillac / Sherbrooke),45.5768333,-73.5464742
5391,1257,McNamara / St-Martin O,45.5712036,-73.7235188
5392,1258,de Grenoble / de Cassis,45.5788972,-73.7049271
5393,1259,Parc Angrignon (Lacroix / des Trinitaires),45.4444694,-73.6026478
5394,1260,Berri /Ste-Catherine,45.5146906,-73.5599014
5395,1261,Préfontaine / Marcel-Pépin,45.5436538,-73.5594206
5398,1262,St-Mathieu / Tupper,45.4932782,-73.5782891
5399,1263,de la Roche / Marie-Anne,45.52766,-73.576124
5400,1264,Soeurs-Grises / Margueritte d'Youville,45.4988464,-73.5546298
5401,1265,Duluth / du Parc,45.5137914,-73.5824025
5402,1266,Métro Beaudry ( Beaudry / Ste-Catherine),45.5188484,-73.5559458
5403,1267,St-Hubert / de Maisonneuve (nord),45.5161321,-73.5604969
5404,1268,St-Hubert / de Maisonneuve (sud),45.5158684,-73.5600838
5405,1269,Hochelaga / de l'Assomption,45.5668831,-73.5394382
5406,1270,de Brébeuf / Gilford,45.530952,-73.581585
5407,1271,Métro Plamondon (Carlton / Victoria),45.4953008,-73.6394939
5408,1272,de Chambly / de Rouen,45.5471031,-73.5489245
5409,1273,Montmorency / Richardson,45.4851133,-73.5604384
5410,1274,Ste-Catherine / St-Mathieu,45.4938326,-73.5791422
5411,1275,de Maisonneuve / Mansfield SE,45.5022935,-73.5733064
5412,1276,BAnQ (Berri),45.5160139,-73.5629196
5413,1277,de Bellechasse / Pie-IX,45.5612927,-73.5761133
5414,1278,Parc Jeanne-Mance (monument à sir George-Étienne Cartier),45.5148664,-73.5847586
5415,1279,Place des Festivals ( du Président-Kennedy / de Bleury),45.5076439,-73.569324
5416,1280,Parc Ernest-Rouleau (Gouin),45.6313127,-73.616315
5417,1281,St-Laurent / St-Jacques,45.5064957,-73.556494
5418,1282,Hôpital Général Juif (de la Côte-Ste-Catherine / Légaré),45.4962414,-73.6298387
5419,1283,Irene / St-Jacques,45.480133,-73.5839313
5420,1284,Ste-Catherine / Bishop,45.4966367,-73.5761287
5421,1285,Delisle / George-Vanier,45.485974,-73.5728323
5422,1286,Evans / Clark,45.5110837,-73.5679775
5423,1287,Duluth  / St-Denis,45.5208024,-73.5757989
5424,1288,St-Marc / Ste-Catherine,45.4928566,-73.5806543
5425,1289,Métro Beaudry ( Montcalm / Ste-Catherine),45.5183846,-73.5563515
5426,33,University / des Pins,45.508203,-73.580112
5428,1290,de l'Hôtel-de-Ville / Villeneuve,45.5234808,-73.5873276
5429,1291,St-Mathieu / Baile,45.4928904,-73.5776126
5430,1292,d'Iberville / Fleury,45.5754318,-73.6474305
5431,1293,Square Viger (Berri / Viger),45.5122121,-73.5546289
5432,1294,Bordeaux / Mont-Royal,45.5345836,-73.5731596
5433,1295,Keller / Cousineau,45.5235502,-73.7138857
5434,1296,Métro Beaudry (Beaudry / Ste-Catherine),45.5188845,-73.5559385
5435,1297,Gare Lachine (Sir George Simpson / 48e avenue),45.4478213,-73.7109178
5436,1298,Square Nelligan (des Appalaches / Alexis-Nihon),45.5143182,-73.7079982
5437,1299,Grenet / Poirier,45.5187192,-73.698754
5438,1300,Duluth  / St-Denis,45.5208024,-73.5757989
