,code,name,latitude,longitude,pk
0,6209.0,Milton / Clark,45.51252,-73.57062,
1,6436.0,Côte St-Antoine / Clarke,45.48645209646392,-73.59523415565491,
2,6214.0,Square St-Louis,45.51735,-73.56906,
3,6248.0,St-Dominique / Rachel,45.518593,-73.581566,
4,6164.0,Chambord / Laurier,45.5329550401632,-73.58419418334961,
5,6216.0,Parc Jeanne Mance (monument George-Étienne Cartier),45.51496,-73.58503,
6,6082.0,6e avenue / Rosemont,45.550613,-73.582883,
7,6149.0,Chapleau / du Mont-Royal,45.53867,-73.56936,
8,6265.0,Parthenais / Laurier,45.539259,-73.577338,
9,6211.0,Roy / St-Laurent,45.51561,-73.57569,
10,6252.0,Mozart / St-Laurent,45.53318,-73.61544,
11,6233.0,Bernard / Jeanne-Mance,45.52429587282263,-73.60484719276428,
12,6064.0,de Maisonneuve / Stanley,45.50038,-73.57507,
13,6408.0,Métro George-Vanier (St-Antoine / Canning),45.4891,-73.57656,
14,6068.0,Mansfield / Sherbrooke,45.50297,-73.57505,
15,6093.0,Atwater / Sherbrooke,45.49132174886071,-73.58780980110168,
16,6253.0,Lajeunesse / Jean-Talon,45.53973680304488,-73.61425638198853,
17,6336.0,Faillon / St-Hubert,45.54279435304991,-73.6181053519249,
18,6223.0,du Mont-Royal / du Parc,45.517,-73.589,
19,6062.0,Drummond / Ste-Catherine,45.49863930330429,-73.57422709465027,
20,6434.0,Victoria / de Maisonneuve,45.47742856483265,-73.60016942024231,
21,6099.0,Bishop / de Maisonneuve,45.49741095430152,-73.57827052474022,
22,6280.0,Fairmount / St-Dominique,45.524504989237535,-73.59414249658585,
23,6912.0,de Châteaubriand / Beaubien,45.5353406,-73.60365897,
24,6231.0,St-Viateur/Parc,45.52223310369562,-73.60208183526993,
25,6206.0,Prince-Arthur / du Parc,45.51059,-73.57547,
26,6411.0,Clark / Prince-Arthur,45.513338,-73.57295,
27,6227.0,de l'Esplanade / Laurier,45.521116220989526,-73.59478354454039,
28,6100.0,Mackay /de Maisonneuve (Sud),45.49659,-73.57851,
29,6364.0,Chambly / Rachel,45.54991069359101,-73.55826258659361,
30,6380.0,Parc J.-Arthur-Champagne (Chambly / du Mont-Royal),45.551584,-73.561916,
31,6373.0,7e avenue / St-Joseph,45.547226645250745,-73.56986984610558,
32,6176.0,St-André / Duluth,45.523171,-73.573431,
33,6110.0,Poupart / Ste-Catherine,45.529033,-73.54641,
34,6113.0,Alexandre-DeSève / de Maisonneuve,45.5219,-73.55534,
35,6059.0,Metcalfe / Ste-Catherine,45.50068473942228,-73.57215642929077,
36,6198.0,Hélène-Baillargeon / St-Denis,45.52974,-73.59527,
37,6221.0,du Mont-Royal / Clark,45.51941,-73.58685,
38,6020.0,Sanguinet / Ontario,45.514784,-73.565338,
39,6203.0,Hutchison / Sherbrooke,45.50781,-73.57208,
40,6146.0,du Parc-La Fontaine / Roy,45.52290738118557,-73.56836378574371,
41,6734.0,Lajeunesse / Villeray (place Tapéo),45.54211889,-73.6225471,
42,6080.0,Mackay / René-Lévesque,45.49449932378212,-73.57417345046997,
43,6137.0,Gauthier / Papineau,45.52969260094507,-73.56740087270737,
44,6042.0,de la Gauchetière / Robert-Bourassa,45.500675,-73.565354,
45,6410.0,Lajeunesse / Crémazie,45.54640752148169,-73.63842844963074,
46,6917.0,Basile-Routhier / Chabanel,45.54993323340168,-73.64764451980591,
47,6372.0,1ère avenue / Masson,45.5451997,-73.57645065,
48,6374.0,Laurier / 15e avenue,45.553408,-73.569531,
49,6060.0,Mansfield / René-Lévesque,45.50015,-73.56928,
50,6157.0,de la Roche / du Mont-Royal,45.5287456,-73.57865408,
51,6061.0,Ste-Catherine / McGill College,45.50176,-73.57128,
52,6148.0,Émile-Duployé / Sherbrooke,45.52729,-73.56463,
53,6350.0,Island / Centre,45.48149081388884,-73.56475353240967,
54,6163.0,Marquette / Laurier,45.53543,-73.5822,
55,6184.0,Métro Mont-Royal (Rivard / du Mont-Royal),45.524673,-73.58255,
56,6213.0,Duluth / St-Laurent,45.5171,-73.57921,
57,6067.0,de Maisonneuve / Robert-Bourassa,45.503475,-73.572103,
58,6169.0,Boyer / du Mont-Royal,45.52742616970635,-73.57991807162762,
59,6901.0,Ste-Catherine / St-Denis,45.51383004514541,-73.56043249368668,
60,6128.0,Hogan / Ontario,45.53529548038031,-73.55116009712219,
61,6124.0,Poupart / Ontario,45.531834,-73.553478,
62,6041.0,St-Jacques / Gauvin,45.500674,-73.561082,
63,6049.0,Queen / Wellington,45.49759505413604,-73.55523705482483,
64,6142.0,Calixa-Lavallée / Rachel,45.527791,-73.572056,
65,6147.0,Calixa-Lavallée / Sherbrooke,45.52479,-73.56545,
66,6395.0,Pierre-de-Coubertin / Aird,45.55896,-73.548687,
67,6152.0,Chabot / du Mont-Royal,45.53413436610843,-73.57349216938019,
68,6138.0,Gauthier / De Lorimier,45.531818,-73.565317,
69,6276.0,Chambord / Bélanger,45.542983030174845,-73.6063814163208,
70,6019.0,Berri / Sherbrooke,45.5179101,-73.56714338,
71,6012.0,Métro St-Laurent (de Maisonneuve / St-Laurent),45.51066,-73.56497,
72,6034.0,St-Urbain / René-Lévesque,45.5079,-73.563112,
73,6057.0,Peel / avenue des Canadiens de Montréal,45.497697,-73.568646,
74,6085.0,Notre-Dame / Peel,45.4952,-73.56328,
75,6140.0,Marquette / Rachel,45.5298015824607,-73.5702896118164,
76,6902.0,Montcalm / Ontario,45.5210937,-73.56225103,
77,6175.0,St-André / Cherrier,45.520578,-73.567733,
78,6141.0,de Bordeaux / Rachel,45.53227,-73.56828,
79,6154.0,Marquette / du Mont-Royal,45.53229,-73.57544,
80,6268.0,Chambord / Beaubien,45.539932183126695,-73.59934329986572,
81,6906.0,de St-Vallier / Rosemont,45.5319173,-73.59798342,
82,6153.0,Cartier / Marie-Anne,45.532674,-73.571776,
83,6088.0,Guy / Notre-Dame,45.489951,-73.567091,
84,6165.0,Brébeuf / Laurier,45.53248,-73.58507,
85,6114.0,Métro Papineau (Cartier / Ste-Catherine),45.52353,-73.55199,
86,6118.0,Champlain / Ontario,45.52504753729988,-73.56003552675247,
87,6117.0,Robin / de la Visitation,45.52087,-73.55922,
88,6201.0,Villeneuve / de l'Hôtel-de-Ville,45.52352540631033,-73.58750939369202,
89,6235.0,St-Dominique / St-Viateur,45.52654331973003,-73.59823286533356,
90,6183.0,Laval / du Mont-Royal,45.52241290921658,-73.58412981033325,
91,6267.0,de Bordeaux / Beaubien,45.54475,-73.5949,
92,6414.0,Laporte / Guay,45.48007342327107,-73.58547896146774,
93,6314.0,de Lanaudière / Marie-Anne,45.529219,-73.574777,
94,6182.0,de Bullion / du Mont-Royal,45.5215,-73.5851,
95,6273.0,Cartier / Bélanger,45.546939,-73.602616,
96,6166.0,Brébeuf / St-Grégoire,45.5341,-73.58852,
97,6109.0,Quai de la navette fluviale,45.51341276005555,-73.53825330734253,
98,6275.0,Chambord / Jean-Talon,45.544828,-73.610458,
99,6047.0,University / Prince-Arthur,45.50766169576538,-73.57885992183583,
100,6180.0,Place de la paix ( Pl. du marché / St-Dominique ),45.5096853,-73.56231675,
101,6904.0,Fabre / Beaubien,45.542055,-73.597793,
102,6269.0,Bercy / Ontario,45.53431097726852,-73.54996919631958,
103,6249.0,Bélanger / St-Denis,45.53696,-73.61199,
104,6155.0,Garnier / du Mont-Royal,45.53092,-73.57674,
105,6015.0,Berri / de Maisonneuve,45.515299,-73.561273,
106,6368.0,10e avenue / Masson,45.55031640880025,-73.57335805892944,
107,6087.0,Notre-Dame / de la Montagne,45.49302901258371,-73.56481790542603,
108,6039.0,McGill / des Récollets,45.500779,-73.558826,
109,6083.0,Square Phillips,45.50409488772675,-73.56869637966156,
110,6134.0,Gascon / Rachel,45.537964,-73.562643,
111,6001.0,Hôtel-de-Ville 2 (du Champs-de-Mars / Gosford),45.50931028555171,-73.55443105101585,
112,6174.0,Roy / St-Denis,45.51908,-73.5727,
113,6078.0,de Maisonneuve / de Bleury,45.50708,-73.56917,
114,6048.0,Queen / Ottawa,45.4979738,-73.55614096,
115,6014.0,St-Denis / de Maisonneuve,45.513917296074005,-73.56076508760452,
116,6179.0,Duluth / St-Denis,45.52060423232697,-73.57598394155502,
117,6191.0,St-Zotique / Clark,45.531401,-73.612674,
118,6194.0,Tupper / Atwater,45.48885477417901,-73.58359336853027,
119,6003.0,Evans / Clark,45.511119,-73.567974,
120,6053.0,Belmont / Beaver Hall,45.502326,-73.565138,
121,6215.0,St-Cuthbert / St-Urbain,45.51494,-73.57821,
122,6032.0,Métro Place-d'Armes (Viger / St-Urbain),45.50623,-73.55976,
123,6091.0,Joseph Manceau / René-Lévesque,45.49172173024755,-73.57688951320596,
124,6202.0,Ste-Famille / Sherbrooke,45.510016,-73.570654,
125,6322.0,St-Dominique / Villeray,45.537813,-73.624872,
126,6224.0,Villeneuve / du Parc,45.51829,-73.59235,
127,6205.0,Milton / du Parc,45.50971,-73.57354,
128,6424.0,Président-Kennedy / McGill College,45.503063,-73.573986,
129,6016.0,Jacques-Le Ber / de la Pointe Nord,45.472503,-73.539285,
130,6173.0,Berri / Cherrier,45.5191458,-73.5692414,
131,6027.0,de Maisonneuve / Mansfield,45.5022921,-73.57325211,
132,6274.0,de la Roche / St-Joseph,45.531164,-73.583695,
133,6104.0,Wolfe / René-Lévesque,45.516872646826776,-73.55417490005493,
134,6207.0,Ste-Famille / des Pins,45.51281294953485,-73.57701659202576,
135,6127.0,Henri-Julien / de Castelneau,45.537877,-73.618323,
136,6105.0,Plessis / René-Lévesque,45.519376,-73.55195135,
137,6145.0,du Parc-La Fontaine / Duluth,45.52456565105688,-73.57207864522934,
138,6181.0,Clark / Rachel,45.5173538,-73.58212888,
139,6043.0,Square Victoria,45.50206,-73.56295,
140,6009.0,Ste-Catherine / St-Hubert,45.51533014906273,-73.55914771556854,
141,6403.0,Georges-Vanier / Notre-Dame,45.4848591377443,-73.5715851187706,
142,6332.0,de Gaspé / de Liège,45.542579,-73.636557,
143,6036.0,de la Commune / St-Sulpice,45.5042453,-73.55354458,
144,6186.0,St-André / Laurier,45.52955900967215,-73.5876018932322,
145,6413.0,Square Phillips 2,45.50345009602768,-73.56840401887894,
146,6132.0,Larivière / de Lorimier,45.52915520624575,-73.559410572052,
147,6432.0,de Maisonneuve / Greene,45.48697062,-73.58929306,
148,6029.0,Bel Air / St-Antoine,45.482779,-73.58452544,
149,6262.0,de la Roche /  de Bellechasse,45.53715922533132,-73.59747648239136,
150,6418.0,de Vendôme / de Maisonneuve,45.47422369503188,-73.60372066497803,
151,6258.0,Parc Père-Marquette (Chambord / Rosemont),45.53702583434782,-73.59316617250443,
152,6196.0,Villeneuve / St-Laurent,45.52129287302808,-73.58936548233031,
153,6916.0,Parc du Pélican (2e avenue / St-Joseph),45.544513,-73.571564,
154,6035.0,Viger/Jeanne Mance,45.504803,-73.5612,
155,6040.0,St-Jacques / St-Pierre,45.5028,-73.55917,
156,6247.0,St-Dominique / St-Zotique,45.53228145673193,-73.61099146306515,
157,6271.0,Casgrain / de Bellechasse,45.529993,-73.604214,
158,6747.0,Waverly / St-Zotique,45.5306,-73.614616,
159,6011.0,St-André / St-Antoine,45.5140873,-73.55230004,
160,6065.0,de la Montagne / Sherbrooke,45.4996771,-73.57884854,
161,6277.0,Elsdale/ Louis-Hebert,45.54918032376485,-73.59385818243027,
162,6381.0,Omer-Lavallée / Midway,45.5457759528664,-73.56217458844185,
163,6219.0,de l'Hôtel-de-Ville / Roy,45.51733310325783,-73.57443630695343,
164,6133.0,Terrasse Mercure / Fullum,45.535614,-73.566014,
165,6371.0,4e avenue / Masson,45.546978,-73.575515,
166,6106.0,René-Lévesque / Papineau,45.52114,-73.54926,
167,6046.0,de la Gauchetière / Mansfield,45.49871,-73.56671,
168,6185.0,des Érables / Bélanger,45.5491255,-73.60091239,
169,6195.0,de Bullion / St-Joseph,45.5240365462478,-73.59014332294464,
170,6050.0,de la Commune / McGill,45.4986731,-73.55256289,
171,6131.0,Fullum / Sherbrooke ,45.533924,-73.562425,
172,6335.0,du Rosaire / St-Hubert,45.54467,-73.621581,
173,6421.0,Cartier / Rosemont,45.541198,-73.590943,
174,6200.0,Maguire / St-Laurent,45.52457,-73.59588,
175,6129.0,de Bordeaux / Sherbrooke,45.53002706078813,-73.56317639350891,
176,6212.0,Duluth / de l'Esplanade,45.51517174448816,-73.58100235462189,
177,6259.0,Dandurand / de Lorimier,45.540881,-73.584157,
178,6376.0,16e avenue / St-Joseph,45.55292309731551,-73.56575198471546,
179,6022.0,Angus (Molson / William-Tremblay),45.54172920185872,-73.56549382209778,
180,6281.0,Resther / St-Joseph,45.5277271,-73.58628362,
181,6031.0,St-Antoine / St-François-Xavier,45.50449,-73.5592,
182,6229.0,Coloniale / du Mont-Royal,45.521155685854765,-73.58558893203735,
183,6111.0,Parthenais / Ste-Catherine,45.52620613795135,-73.54925036430359,
184,6121.0,Rouen / du Havre,45.534863725133626,-73.55545459320638,
185,6349.0,Ryde / Charlevoix,45.4757434,-73.5646007,
186,6024.0,des Érables / Sherbrooke,45.531367,-73.562624,
187,6234.0,Bernard / Clark,45.52697,-73.60261,
188,6344.0,St-Dominique / Jean-Talon,45.535189,-73.617459,
189,6908.0,de Bellechasse / de St-Vallier,45.5331949357227,-73.60117256641388,
190,6086.0,Shannon / Ottawa,45.49457934841001,-73.55875611305237,
191,6103.0,Lespérance / Rouen,45.538799,-73.552496,
192,6073.0,de Maisonneuve / Aylmer,45.50501,-73.57069,
193,6075.0,University / des Pins,45.508356,-73.580498,
194,6013.0,Sanguinet / de Maisonneuve,45.51339,-73.56255,
195,6119.0,Dorion / Ontario,45.52697,-73.558021,
196,6037.0,St-Nicolas / Place d'Youville,45.50197437877896,-73.55515658855438,
197,6913.0,Drolet / Beaubien,45.533348,-73.605834,
198,6377.0,Grand Trunk / Hibernia,45.47968,-73.56385,
199,6260.0,Dandurand / Papineau,45.538589,-73.586302,
200,6096.0,Lucien L'Allier / St-Jacques,45.49356916133978,-73.56857568025589,
201,6197.0,Bordeaux / Masson,45.53895775569034,-73.58243197202682,
202,6257.0,de St-Vallier / St-Zotique,45.536299,-73.607773,
203,6924.0,de Bordeaux / Jean-Talon,45.54970407823863,-73.60551238059998,
204,6218.0,Prince-Arthur / St-Urbain,45.5126137,-73.57372552,
205,6327.0,Faillon / St-Denis,45.53985704,-73.62038255,
206,6108.0,Logan / Fullum,45.528448693514136,-73.55108499526978,
207,6008.0,Sanguinet / Ste-Catherine,45.512734,-73.5611406,
208,6329.0,Gounod / St-Denis,45.54176571696572,-73.62612783908844,
209,6126.0,Rouen / Fullum,45.53217,-73.55859,
210,5007.0,Métro Longueuil - Université de Sherbrooke,45.523854,-73.519677,
211,6324.0,de Liège / Lajeunesse,45.54554155627702,-73.6347484588623,
212,6251.0,de Gaspé / Dante,45.534377,-73.612278,
213,6066.0,Mansfield / Ste-Catherine,45.5014018,-73.5718136,
214,6925.0,des Écores / Jean-Talon,45.55244260913485,-73.60300183296204,
215,6334.0,Lajeunesse / Jarry,45.543583,-73.6284,
216,6084.0,Lambert-Closse / Tupper,45.489609,-73.582445,
217,6928.0,Louis-Colin / McKenna,45.500035,-73.618105,
218,6405.0,Duvernay / Charlevoix,45.48203995,-73.57486278,
219,6090.0,Métro Lucien-L'Allier  (Lucien l'Allier / Argyle),45.49486,-73.57108,
220,6396.0,Métro Pie-IX (Pierre-de-Coubertin / Pie-IX),45.553879,-73.551761,
221,6021.0,de l'Hôtel-de-Ville / Sherbrooke,45.51453083866944,-73.56847107410431,
222,6122.0,Logan / d'Iberville,45.53057,-73.54913,
223,6321.0,Gary-Carter / St-Laurent,45.536123205883136,-73.62244516611099,
224,6362.0,1ère avenue / Rosemont,45.547997,-73.58523,
225,6433.0,Hillside / Ste-Catherine,45.4829,-73.591,
226,6261.0,Louis Hémon / Rosemont,45.54458,-73.588069,
227,6323.0,Guizot / St-Laurent,45.53963159810423,-73.63444805145264,
228,6915.0,Alma / Beaubien,45.53237205692519,-73.60643248568522,
229,5006.0,Collège Édouard-Montpetit,45.53722603812578,-73.49506705999374,
230,6415.0,Wilson / Sherbrooke,45.4703,-73.6162,
231,6058.0,Cypress / Peel,45.49932551028458,-73.57176750898361,
232,6266.0,Louis-Hébert / Beaubien,45.54816007401565,-73.5920262336731,
233,6063.0,Drummond / de Maisonneuve,45.49947,-73.57591,
234,6236.0,Laurier / Bordeaux,45.53725879867612,-73.57917040586472,
235,6246.0,Métro Outremont (Wiseman / Van Horne),45.520294969655005,-73.61482366919518,
236,6394.0,Valois / Ontario,45.54730353,-73.5438269,
237,6168.0,Marmier / St-Denis,45.530871318676006,-73.59834551811218,
238,6112.0,Montcalm / de Maisonneuve,45.519157,-73.55786,
239,6386.0,Métro Préfontaine (Moreau / Hochelaga),45.5414350841351,-73.55431437492369,
240,6333.0,Leman / de Chateaubriand,45.547218,-73.631103,
241,6171.0,Wolfe / Robin,45.5195,-73.560269,
242,6018.0,St-André / Ontario,45.51889,-73.56353,
243,6264.0,Chabot / de Bellechasse,45.5427,-73.59212,
244,6092.0,Crescent / René-Lévesque,45.49606,-73.57348,
245,6435.0,Victoria Hall,45.4816,-73.6,
246,6270.0,Fabre / St-Zotique,45.543541,-73.600982,
247,6361.0,1ère avenue / Beaubien,45.550476,-73.590446,
248,6007.0,de l'Hôtel-de-Ville / Ste-Catherine,45.51164009357107,-73.5621839761734,
249,6101.0,Métro Villa Maria (Décarie / Monkland),45.479483,-73.61979,
250,6375.0,Métro Place St-Henri (St-Ferdinand / St-Jacques),45.477249,-73.587238,
251,6402.0,Square Sir-Georges-Etienne-Cartier / Ste-Émilie,45.47266800851548,-73.585389778018,
252,6731.0,28e avenue / Rosemont,45.564353,-73.571244,
253,6002.0,Ste-Catherine / Dézéry,45.53923029698213,-73.54108236730099,
254,6250.0,Henri-Julien / Jean-Talon,45.53707,-73.61529,
255,6359.0,Parc Plage,45.502602268297935,-73.52750301361084,
256,6716.0,Francis / Fleury,45.563947,-73.655573,
257,6718.0,Grand Boulevard / Sherbrooke,45.466569,-73.623295,
258,6340.0,De La Roche / Everett,45.544867,-73.614841,
259,6409.0,Lionel-Groulx / George-Vanier,45.48627862584162,-73.57359945774078,
260,6367.0,3e avenue / Dandurand,45.547362,-73.579221,
261,6422.0,Fleury / Lajeunesse,45.5536,-73.6616,
262,6210.0,Métro Sauvé (Sauvé / Berri),45.55069206841976,-73.65636706352234,
263,6741.0,Notre-Dame / Chatham,45.48691857455084,-73.56942862272263,
264,6272.0,Bordeaux / St-Zotique,45.546405643046654,-73.5984206199646,
265,6025.0,Notre-Dame / St-Gabriel,45.50714391928411,-73.55511903762817,
266,6167.0,Marquette / St-Grégoire,45.53703,-73.58584,
267,6398.0,Desjardins / Ontario,45.551119,-73.540764,
268,6038.0,McGill / Place d'Youville,45.49975,-73.55566,
269,6407.0,Métro Lionel-Groulx (Lionel-Groulx / Charlevoix),45.48392802,-73.57731164,
270,6735.0,François-Perrault / L.-O.-David,45.561396,-73.601544,
271,6360.0,8e avenue / Beaubien,45.553215,-73.58752,
272,6728.0,Champagneur / Jean-Talon,45.526904,-73.624331,
273,6278.0,Louis-Hébert / St-Zotique,45.55001,-73.59576,
274,6393.0,Dézéry / Ontario,45.54094394520117,-73.54714214801788,
275,6903.0,Napoléon /  St-Dominique,45.516777,-73.577784,
276,6918.0,9e avenue / Dandurand,45.550769,-73.57711,
277,6732.0,Fortune/wellington,45.477923,-73.559038,
278,6313.0,Palm / St-Remi,45.470303,-73.589848,
279,6724.0,Square Sir-Georges-Étienne-Cartier / Léa Roback,45.471926,-73.58247,
280,6307.0,Laval / Rachel,45.520018,-73.579463,
281,6120.0,Ontario / du Havre,45.5336609,-73.5521968,
282,6316.0,Parc Jean-Brillant (Swail / Decelles),45.497011,-73.618575,
283,6711.0,Alexandra / Waverly,45.531938,-73.617842,
284,5002.0,St-Charles / Châteauguay,45.5332,-73.5156,
285,6397.0,Marché Maisonneuve,45.55319389744088,-73.5398143529892,
286,6347.0,Métro St-Michel (Shaughnessy / St-Michel),45.559199,-73.599658,
287,6306.0,du Mont-Royal / Vincent-d'Indy,45.510086,-73.611429,
288,6369.0,West Broadway / Sherbrooke,45.45635829051657,-73.64013027457986,
289,6721.0,Cadillac / Sherbrooke,45.57713595014113,-73.54628920555115,
290,6723.0,26e avenue / Beaubien,45.564944,-73.577639,
291,6730.0,35e avenue / Beaubien,45.570081,-73.573047,
292,6076.0,Ville-Marie / Ste-Catherine,45.55806260336831,-73.52940759679768,
293,6720.0,Ontario / Viau,45.5594818,-73.535496,
294,6404.0,Quesnel / Vinet,45.485889,-73.577514,
295,6357.0,12e avenue / St-Zotique,45.556905,-73.58925,
296,6189.0,Chabot / Everett,45.550697703294965,-73.60953032970428,
297,6310.0,de Darlington / de la Côte-Ste-Catherine,45.50540324702016,-73.62116575241089,
298,6919.0,10e Avenue / Rosemont,45.552649,-73.581185,
299,6750.0,des Érables / Rachel,45.5334955551535,-73.56693148612976,
300,6927.0,Édouard-Montpetit / Stirling,45.50723,-73.615085,
301,6710.0,Georges-Baril / Fleury,45.558457,-73.65884,
302,6708.0,de la Gauchetière / de Bleury,45.504561,-73.56279,
303,6709.0,Le Caron / Marc-Sauvalle ,45.461685,-73.584039,
304,6746.0,Métro Acadie (de l'Acadie / Beaumont),45.52341265422832,-73.623526096344,
305,6301.0,Parc Outremont (Bloomfield / Elmwood),45.518215,-73.603251,
306,6279.0,Louis-Hébert / Bélanger,45.55158237169131,-73.59915554523468,
307,6033.0,16e avenue / Beaubien,45.55848140595217,-73.58330368995667,
308,6719.0,Park Row O / Sherbrooke,45.46072936353252,-73.63407254219055,
309,6355.0,Ontario / Sicard,45.5566,-73.5373,
310,6733.0,Rousselot / Villeray,45.548931,-73.616837,
311,6315.0,Lacombe / de la Côte-des-Neiges,45.4968505432976,-73.62331956624985,
312,6737.0,Jacques-Cassault / Christophe-Colomb,45.552123,-73.630103,
313,6305.0,Davaar / de la Côte-Ste-Catherine,45.514379,-73.610871,
314,6303.0,Dunlop / Van Horne,45.514905,-73.619682,
315,6736.0,Basile-Routhier / Gouin,45.55670791513632,-73.67063373327255,
316,6366.0,Wilderton  / Van Horne,45.510042,-73.624835,
317,6345.0,Louis-Hémon / Villeray,45.554931,-73.610711,
318,6703.0,Jardin Botanique (Pie-IX / Sherbrooke),45.55520523993992,-73.55582308082374,
319,6302.0,Stuart / de la Côte-Ste-Catherine,45.51538412515814,-73.60640823841095,
320,5004.0,St-Charles / Charlotte,45.539824,-73.508752,
321,6419.0,Beaucourt / de la Côte-Ste-Catherine,45.491513,-73.633649,
322,5005.0,St-Charles / St-Sylvestre,45.536408,-73.512776,
323,6304.0,Rockland / Lajoie,45.515617,-73.614991,
324,6343.0,Marquette / Villeray,45.55073714740538,-73.61522197723389,
325,6700.0,de la Salle / Ste-Catherine,45.550056,-73.534576,
326,6427.0,Rushbrooke /  Caisse,45.47069642604657,-73.56542240828276,
327,6245.0,Bloomfield / Van Horne,45.5225858,-73.61265779,
328,6356.0,Monkland / Girouard,45.4771,-73.6212,
329,6098.0,Bishop / Ste-Catherine,45.49642,-73.57616,
330,6125.0,Ellendale / Côte-des-Neiges,45.499757,-73.629298,
331,6426.0,Willibrord / Verdun,45.459707,-73.571438,
332,6379.0,Bannantyne / de l'Église,45.463257,-73.575621,
333,6354.0,Marcil / Sherbrooke,45.471743,-73.613924,
334,6312.0,de Kent / de la Côte-des-Neiges,45.501302,-73.633161,
335,6115.0,Benny / Monkland,45.466965,-73.631664,
336,6425.0,Ross / de l'Église,45.462742,-73.565845,
337,6423.0,Hôpital général juif,45.496302,-73.629822,
338,6363.0,Côte St-Antoine / Royal,45.4688,-73.6198,
339,6713.0,30e avenue / St-Zotique,45.56822507,-73.57943594,
340,6726.0,Hamel / Sauvé,45.560742,-73.65041,
341,6416.0,Notre-Dame-de-Grâce / Décarie,45.477313,-73.615327,
342,6725.0,Métro Monk (Allard / Beaulieu),45.45085122,-73.5940272,
343,6706.0,Beatty / Verdun,45.450837,-73.572446,
344,6420.0,Trans Island / Queen-Mary,45.484489,-73.628834,
345,6331.0,Guizot / St-Denis,45.543376,-73.632267,
346,6241.0,Querbes / Laurier,45.51745902334002,-73.59792709350586,
347,6401.0,des Seigneurs / Notre-Dame,45.487692701413145,-73.56903970241545,
348,6004.0,Hôtel-de-Ville (du Champs-de-Mars / Gosford),45.50922851966222,-73.55446994304657,
349,6717.0,de Kent / Victoria,45.494805,-73.638772,
350,6704.0,19e avenue / St-Zotique,45.561594,-73.585643,
351,6006.0,18e avenue / Rosemont,45.55789545752947,-73.5765291005373,
352,6341.0,Regina / Verdun,45.467369,-73.570769,
353,6052.0,De la Commune / King,45.4980302,-73.55266482,
354,6330.0,de Gaspé / Jarry,45.540627,-73.630089,
355,6089.0,St-Jacques / Guy,45.49141473103975,-73.56995498790637,
356,6727.0,de Montmorency / Richardson,45.48489566038642,-73.56011867523193,
357,5003.0,Place Longueuil,45.5294,-73.5178,
358,6738.0,Union / René-Lévesque,45.50233,-73.566497,
359,6130.0,Sherbrooke / Frontenac,45.5367,-73.56081,
360,6406.0,Marché Atwater,45.48020822800015,-73.57759863138199,
361,6391.0,Aylwin / Ontario,45.544136,-73.545609,
362,6023.0,de la Commune / Berri,45.51086,-73.54983,
363,6346.0,Nicolet / Ste-Catherine,45.54459352523215,-73.53779464960098,
364,6026.0,de la Commune / Place Jacques-Cartier,45.5076289,-73.55187625,
365,6081.0,St-Alexandre / Ste-Catherine,45.50537693,-73.5676195,
366,6429.0,Place du Commerce,45.46714,-73.54259,
367,6017.0,Square Ahmerst / Wolfe,45.52106924,-73.5637571,
368,6159.0,Ann / William,45.49589439175492,-73.5600972175598,
369,6388.0,d'Orléans / Hochelaga,45.550668,-73.549502,
370,6161.0,Cartier / St-Joseph,45.53576,-73.57867,
371,6739.0,de Repentigny / Sherbrooke,45.58077,-73.544766,
372,6070.0,Milton / Université,45.5064484,-73.57634872,
373,6097.0,Towers / Ste-Catherine,45.492504,-73.581088,
374,6204.0,Milton / Durocher,45.5081439,-73.57477158,
375,6139.0,des Érables / Gauthier,45.53240768,-73.5647763,
376,6160.0,Garnier / St-Joseph,45.5329774553515,-73.58122229576111,
377,6370.0,d'Orléans / Masson,45.557192,-73.569847,
378,6177.0,St-Hubert / Rachel,45.5235066,-73.57641309,
379,6158.0,Gilford / Brébeuf,45.53073,-73.58153,
380,6156.0,Marie-Anne / de la Roche,45.52773841379083,-73.5762494802475,
381,6151.0,des Érables / du Mont-Royal,45.53565,-73.57172,
382,6170.0,de Mentana / Laurier,45.530046,-73.58677,
383,6328.0,Drolet / Villeray,45.54015386355122,-73.62353146076202,
384,6232.0,Hutchison / Van Horne,45.525021229212776,-73.61073732376099,
385,6199.0,Clark / St-Viateur,45.52517156097331,-73.5993754863739,
386,6095.0,Chomedey / de Maisonneuve,45.4917542,-73.58397156,
387,6162.0,Fullum / St-Joseph,45.5398326,-73.57555881,
388,6217.0,Vallières / St-Dominique,45.51939601464233,-73.58322681808204,
389,6079.0,Hutchison/ Prince-Arthur,45.509864,-73.576105,
390,6102.0,Lincoln / du Fort,45.493034,-73.583836,
391,6220.0,Laval / Duluth,45.51923690964773,-73.57721507549286,
392,6187.0,Resther / du Mont-Royal,45.52564322426449,-73.58174800872803,
393,6228.0,Waverly / Van Horne,45.527363,-73.607723,
394,6225.0,Villeneuve / St-Urbain,45.520188,-73.590559,
395,6702.0,Chauveau / de l'Assomption,45.569789,-73.548081,
396,6230.0,Waverly / St-Viateur,45.52402527115221,-73.60042154788971,
397,6384.0,Darling / Sherbrooke,45.545425,-73.556527,
398,6150.0,Messier / du Mont-Royal,45.53711414,-73.5710031,
399,6123.0,Alexandre-de-Sève / la Fontaine,45.523217,-73.558187,
400,6255.0,Boyer / St-Zotique,45.53848,-73.60556,
401,6116.0,Plessis / Ontario,45.523584,-73.560941,
402,6143.0,Rachel / Brébeuf,45.52689,-73.57264,
403,6254.0,Boyer / Bélanger,45.54006,-73.60897,
404,6243.0,Bloomfield / Bernard,45.52068774,-73.6084279,
405,6188.0,Mentana / Marie-Anne,45.525983,-73.577808,
406,6905.0,Parc Rosemont (Dandurand / d'Iberville),45.544377,-73.581018,
407,6387.0,Métro Joliette  (Joliette / Hochelaga),45.547179,-73.551739,
408,6910.0,Boyer / Beaubien,45.537041,-73.602026,
409,6389.0,Boyer / Jean-Talon,45.541484,-73.612441,
410,6338.0,Boyer / Jarry,45.547283,-73.625377,
411,6237.0,de Lanaudière / Gilford,45.532013,-73.580541,
412,6907.0,Boyer / Rosemont,45.534136,-73.595478,
413,6358.0,1ère  avenue /St-Zotique,45.551970494223056,-73.59377503395079,
414,6190.0,Pontiac / Gilford,45.526712438356405,-73.58483791351318,
415,6044.0,Roy / St-Christophe,45.5214607296648,-73.57061415910721,
416,6929.0,St-André / St-Grégoire,45.53133,-73.59155,
417,10002.0,Métro Charlevoix (Centre / Charlevoix),45.47822787309145,-73.56965124607086,
418,6701.0,Marseille / Viau,45.5639212,-73.5489124,
419,6309.0,5e avenue / Verdun,45.456049,-73.571877,
420,6412.0,Complexe sportif Claude-Robillard (Émile-Journault),45.553262,-73.638615,
421,6339.0,Harvard / Monkland,45.4743,-73.6237,
422,6749.0,St-Jacques / St-Laurent,45.506445,-73.556352,
423,6722.0,Bossuet / Pierre-de-Coubertin,45.57373304521766,-73.5394462198019,
424,6222.0,Jeanne Mance / du Mont-Royal,45.5176432,-73.5889283,
425,6385.0,Bordeaux /Gilford,45.536178,-73.57641,
426,6503.0,Métro Parc  (Ogilvy / Hutchison),45.53035130173597,-73.6243924498558,
427,6107.0,St-Mathieu /Ste-Catherine,45.493718,-73.579186,
428,6383.0,Bourbonnière / du Mont-Royal,45.55357073967113,-73.56049418449402,
429,6192.0,Berri / St-Grégoire,45.529802,-73.591766,
430,6417.0,Desjardins / Hochelaga,45.55325,-73.54822,
431,6263.0,Hampton / Monkland,45.471161595177456,-73.62720608711243,
432,6501.0,Métro Jean-Drapeau,45.5120135,-73.53254691,
433,6921.0,Augustin-Cantin / Shearer,45.48401829,-73.5634366,
434,6502.0,Casino de Montréal,45.5063732,-73.52457672,
435,6193.0,de l'Esplanade / Fairmount,45.521495,-73.596758,
436,6428.0,Berlioz / Boul de l'Ile des Soeurs,45.459593,-73.544377,
437,6923.0,Marquette / Jean-Talon,45.54739744800976,-73.60766351222992,
438,6208.0,Hutchison / des Pins,45.51069,-73.57805,
439,6504.0,La Ronde,45.521769,-73.534859,
440,6926.0,Marie-Anne / St-Hubert,45.524634,-73.578755,
441,6707.0,Drake / de Sève,45.456351476720414,-73.58229249715805,
442,6714.0,LaSalle / Sénécal,45.43443353453236,-73.58669400215149,
443,6072.0,Metcalfe / de Maisonneuve,45.50171494932855,-73.57413053512573,
444,6094.0,de Gaspé / Fairmount,45.525669,-73.593016,
445,6712.0,LaSalle / Crawford,45.43791380065227,-73.58274042606354,
446,6745.0,d'Outremont / Ogilvy,45.526856,-73.626672,
447,6005.0,Metcalfe / Square Dorchester,45.50023354666628,-73.57112646102905,
448,6240.0,Hudson / de Kent,45.505973,-73.629593,
449,6715.0,Natatorium (LaSalle / Rolland),45.444433,-73.575788,
450,6705.0,5e avenue / Bannantyne,45.456365,-73.57614,
451,6729.0,St-André / de Maisonneuve,45.517062,-73.559781,
452,6744.0,Hamilton / Jolicoeur,45.456355,-73.597557,
453,6742.0,Briand / Carron,45.462362,-73.59665,
454,6136.0,Métro Laurier (Rivard / Laurier),45.52761627,-73.5891147,
455,6743.0,St-Marc / Sherbrooke,45.494514,-73.583368,
456,6051.0,de Gaspé / Marmier,45.529686,-73.601728,
457,6178.0,Rivard / Rachel,45.5222776,-73.5775906,
458,6226.0,Hôpital Maisonneuve-Rosemont (Rosemont / Chatelain),45.575707,-73.561562,
708,6748.0,Greene / St-Ambroise,45.4787958452455,-73.57642382383347,
878,6311.0,Drolet / St-Zotique,45.534795,-73.609546,
1207,6930.0,Paul Boutet / Jarry,45.55917755022557,-73.61413031816483,
1327,6752.0,Hutchison / Beaubien,45.5262464,-73.61374676,
1374,6753.0,St-Zotique / 39e avenue,45.57347113033397,-73.57497543096542,
1379,6754.0,Eadie/Dubois,45.45759682462104,-73.59052859581423,
1384,7015.0,LaSalle / 4e avenue,45.43074022417498,-73.5919108253438,
1388,7048.0,Métro Angrignon,45.446534244545326,-73.60354088363238,
1389,7056.0,Godin / Bannantyne,45.4475536968409,-73.57726335525513,
1390,7051.0,Jogues / Allard,45.44990081262039,-73.60025119094644,
1393,7059.0,Argyle / Bannantyne,45.45324567428996,-73.57681475579739,
1400,7057.0,2e avenue / Wellington,45.45789352611307,-73.56752824096475,
1401,7010.0,Belmore / Sherbrooke,45.459233060280816,-73.63740515022073,
1405,7058.0,Gordon / Wellington,45.46107799010839,-73.56730699539183,
1409,7060.0,de l'Église / de Verdun,45.46300108733155,-73.57156895217486,
1411,7013.0,Benny Crescent / Benny,45.46431546986341,-73.62556993961334,
1416,7054.0,Cote St-Paul / St-Ambroise,45.46766565386597,-73.59391784324544,
1436,7011.0,Girouard / de Terrebonne,45.47843159157294,-73.62489938735962,
1439,7070.0,Bourgeoys / Favard,45.47993042065731,-73.55592101812363,
1442,7053.0,Ropery / Augustin-Cantin,45.48091406771754,-73.56846034526825,
1443,7055.0,Greene / Workman,45.48118440698601,-73.5793487727642,
1449,7052.0,Shearer / Centre,45.483005619293046,-73.56218665838242,
1460,7068.0,Basin / Richmond,45.48760116378806,-73.56518536806107,
1464,7050.0,Ottawa / William,45.48954486106131,-73.56413930654526,
1467,7049.0,Ottawa / St-Thomas,45.490873602424855,-73.56238916516304,
1469,7076.0,Tupper / du Fort,45.49122961531575,-73.58078241348267,
1470,7081.0,Lincoln / Lambert Closse,45.49138379789788,-73.5860127210617,
1481,7047.0,Muray / Notre-Dame,45.49398569590685,-73.56327943525685,
1486,7071.0,St-Mathieu / Sherbrooke,45.49578910481176,-73.58259558677672,
1494,7062.0,Nazareth / William,45.49702385100359,-73.55922264978288,
1509,7079.0,Gauvin / Notre-Dame,45.50004272864201,-73.56041237711906,
1517,7012.0,McKenna / Édouard-Montpetit,45.50119450775172,-73.62062528729439,
1537,7080.0,President-Kennedy / Robert Bourassa,45.50440747040332,-73.57254266738892,
1538,7014.0,Édouard-Montpetit (Université de Montréal),45.50450093352018,-73.61765205860138,
1541,7069.0,Union / President-Kennedy,45.50499344809821,-73.57170313596725,
1547,7067.0,City Councillors / du President-Kennedy,45.50625103256782,-73.57139065861702,
1551,7066.0,St-Urbain / de la Gauchetière,45.50707812811467,-73.56139540672302,
1561,7033.0,Aylmer / Prince-Arthur,45.50856686947439,-73.57769787311554,
1575,7037.0,Prince-Arthur / Ste-Famille,45.5116382139746,-73.57463479042053,
1577,7001.0,Ste-Catherine / Ste-Élisabeth,45.51228321268213,-73.56182590126991,
1586,7007.0,Gare Canora,45.513780237755576,-73.63246321678162,
1591,7038.0,Clark / Guilbault,45.51440303253061,-73.57508204877377,
1613,7074.0,St-André / Robin,45.5181280865132,-73.56185138225555,
1614,7036.0,Hutchison / Edouard Charles,45.51826340169339,-73.59577462077141,
1617,7021.0,McEachran / Van Horne,45.51834130440452,-73.61664688243762,
1649,7022.0,Durocher / Bernard,45.52231759660231,-73.60693126916885,
1650,7034.0,Clark / Laurier,45.52258373689023,-73.59358858375344,
1654,7031.0,Berri / Rachel,45.5228780183634,-73.57749536633492,
1656,7072.0,Beaudry / Sherbrooke,45.52303459543551,-73.56540597975254,
1658,7073.0,Logan / de Champlain,45.5231943285584,-73.55584256350994,
1680,7077.0,Fullum / Jean Langlois,45.52612803739037,-73.54600220918655,
1683,7032.0,Drolet / Laurier,45.52625187609252,-73.58975838928018,
1685,7024.0,Berri / Gilford,45.5265658689096,-73.58542799949646,
1692,7026.0,Maguire / Henri-Julien,45.527041096087785,-73.59347056655677,
1698,7028.0,de Gaspé / St-Viateur,45.52774827884841,-73.59743893146515,
1702,7025.0,St-Dominique / Bernard,45.52793332015246,-73.60122251338906,
1708,7040.0,St-Urbain / Beaubien,45.52951033828327,-73.61067965626717,
1739,7042.0,Alexandra / Jean Talon,45.53233064590805,-73.62018674612045,
1749,7030.0,de Bordeaux / Marie-Anne,45.53340912723174,-73.57065707445145,
1758,7078.0,Hochelaga / Chapleau,45.53445294687473,-73.55965197086334,
1760,7045.0,Casgrain / Mozart,45.53472725603326,-73.6147928237915,
1780,7027.0,Terrasse Guindon / Fullum,45.537114135456825,-73.56913894414902,
1787,7029.0,Cartier / Masson,45.53805998459642,-73.58337676181691,
1796,7035.0,Fullum / Gilford,45.53922374455291,-73.57383679656778,
1804,7064.0,Clark / de Liège,45.539983846015616,-73.6381347477436,
1806,7061.0,Lajeunesse / de Castelnau,45.54039620809999,-73.61681789159775,
1811,7063.0,Henri-Julien / Jarry,45.54140622907085,-73.63007068634033,
1820,7018.0,Joliette / Ste-Catherine,45.54286796890454,-73.53822447359562,
1825,7065.0,de Lanaudière / Bélanger,45.54365085053057,-73.60565051436424,
1826,7020.0,St-Germain / Hochelaga,45.5436987529516,-73.55367332696915,
1827,7039.0,du Mont-Royal / Augustin-Frigon,45.543763151117474,-73.56772005558014,
1828,7002.0,Tolhurst / Fleury,45.54410128430579,-73.66738557815552,
1853,7006.0,Clark / Fleury,45.54764847825576,-73.6655656993389,
1858,7019.0,Jeanne d'Arc / Ontario,45.54960452693408,-73.54193866252899,
1860,7043.0,Ernest-Gendreau / du Mont-Royal,45.549713734001415,-73.56384828686714,
1862,7004.0,Émile-Journault / de Chateaubriand,45.54983321292286,-73.64063255488873,
1874,7008.0,Rousselot / Jarry,45.55076907833167,-73.62091094255447,
1882,7017.0,Bennett / Ste-Catherine,45.55302673666147,-73.53238195180893,
1891,7041.0,15e avenue / Masson,45.553913774821154,-73.57141882181168,
1893,7046.0,15e avenue / Dandurand,45.55479651443991,-73.57432097196579,
1896,7003.0,St-Charles / Sauvé,45.5560649285589,-73.65350246429443,
1912,7023.0,CHSLD St-Michel (Jarry / 8e avenue),45.56169026904608,-73.61051201820374,
1917,7005.0,Marquette / Fleury,45.56735205736566,-73.65378744900227,
1923,7009.0,CHSLD Benjamin-Victor-Rousselot (Dickson / Sherbrooke),45.57379781967792,-73.55034470558167,
1925,7075.0,CHSLD Éloria-Lepage (de la Pépinière / de Marseille),45.57694445420869,-73.54045271873474,
1927,7044.0,Hôpital Santa Cabrini (St-Zotique / Jeanne-Jugan),45.5793249650848,-73.5705041885376,
1929,7016.0,Métro Langelier (Sherbrooke / Langelier),45.58275715603392,-73.54244291782379,
1958,4000.0,Jeanne-d'Arc / Ontario,45.54945734212034,-73.54164898395538,
1960,7083.0,Parc de Bullion (de Bullion / Prince-Arthur),45.515604257816335,-73.57213497161865,
2040,7084.0,McTavish / Sherbrooke,45.502812816508936,-73.57602417469025,
2399,4002.0,Métro Place-des-Arts (de Maisonneuve / de Bleury),45.50619396370176,-73.56996774673462,
2445,4001.0,Parc Plage,45.50262858686735,-73.52774977684021,
2480,7082.0,Métro Lionel-Groulx (Atwater / Lionel-Groulx),45.4829412691004,-73.57974171638489,
3032,7085.0,de la Grande-Allée / Ste-Catherine,45.63137963655471,-73.50685738027096,
3033,7086.0,Parc de l'Hôtel-de-Ville (Dubé / Laurendeau),45.63065034476232,-73.49499464035034,
3034,7087.0,St-Jean-Baptiste / René-Lévesque,45.64155705644063,-73.50037515163422,
3035,7088.0,du Tricentenaire / de Montigny,45.65140583915357,-73.50041270256041,
3036,7089.0,du Tricentenaire / Prince-Albert,45.64954588445726,-73.49191546440125,
3037,7090.0,de St-Firmin / Fleury,45.57065664170425,-73.65184217691422,
3038,7091.0,Fleury / André-Jobin,45.57600034155425,-73.64676475524902,
3039,7092.0,Gare Bois-de-Boulogne,45.53972553109637,-73.67716491222382,
3040,7093.0,Laforest / Dudemaine,45.539806548176045,-73.6872661113739,
3041,7094.0,Alfred Laliberté / de Poutrincourt,45.53308032414161,-73.6945965886116,
3042,7095.0,Chabanel / de l'Esplanade,45.54068551727877,-73.65337640047073,
3043,7096.0,Chabanel / du Parc,45.53830765459552,-73.6548838019371,
3044,7097.0,Bélanger / des Galeries d'Anjou,45.59722114932571,-73.56279015541077,
3045,7098.0,Parc d'Antioche,45.59535188887634,-73.55858981609344,
3046,7099.0,Vezina / Victoria,45.49704689488635,-73.64321619272232,
3047,7100.0,Métro Namur (des Jockeys / Décarie),45.49404432109336,-73.65449488162994,
3048,7101.0,Métro de la Savane (de Sorel / Bougainville),45.50045094800223,-73.66142839193344,
3049,7102.0,Grand Boulevard / de Terrebonne,45.47054370043364,-73.63168001174927,
3050,7103.0,St-Joseph / 8e avenue Lachine,45.43147138678842,-73.67120504379272,
3051,7104.0,8e avenue / Notre-Dame Lachine,45.43498715540587,-73.67079868912697,
3052,7105.0,St-Joseph / 34e avenue Lachine,45.432839840726125,-73.69349151849747,
3053,7106.0,Victoria / 18e avenue Lachine,45.43579350588776,-73.6801904439926,
3054,7107.0,19e avenue / St-Joseph Lachine,45.43312379149661,-73.68140548467636,
3055,7108.0,Gagne / LaSalle,45.422451407155854,-73.601194024086,
3056,7109.0,Cégep André-Laurendeau,45.43566446235294,-73.60565185546875,
3057,7110.0,LaSalle / 67e avenue,45.415348837097696,-73.62651407718658,
3058,7111.0,Highlands / LaSalle,45.42612352042827,-73.65741580724716,
3059,7112.0,Newman / Senkus,45.44404309237571,-73.61375212669373,
3060,7113.0,Casgrain / Maguire,45.52593260934618,-73.59525293111801,
3061,7114.0,Smith / Peel,45.492837758845226,-73.5564199090004,
3062,7115.0,Métro Radisson (Sherbrooke / des Groseilliers),45.58917500418707,-73.53965610265732,
3063,7116.0,Métro Honoré-Beaugrand (Sherbrooke / Honoré-Beaugrand),45.5967964774917,-73.53517949581145,
3064,7117.0,François-Boivin / Bélanger,45.59259615276133,-73.56617510318756,
3065,7118.0,Tellier / des Futailles,45.58600999065885,-73.52183818817139,
3066,7119.0,Notre-Dame / Liébert,45.59280261038491,-73.51046562194824,
3067,7120.0,Notre-Dame / des Ormeaux,45.59920617334637,-73.5122399032116,
3068,7121.0,de Bruxelles / Hochelaga,45.59264808020603,-73.52521777153015,
3069,7122.0,de Belleville / Fleury,45.58116002977833,-73.64124342799187,
3070,7123.0,des Récollets / Martial,45.59089190991344,-73.64061713218689,
3071,7124.0,Dollard / Bernard,45.51678269880724,-73.61142262816429,
3072,7125.0,Rosemont / Viau,45.56833021674857,-73.56666326522826,
3073,7126.0,41e avenue / Rosemont,45.57178977666956,-73.56431499123573,
3074,7127.0,Jeanne-Mance / Beaubien,45.527650097960205,-73.61229971051216,
3075,7128.0,Métro Côte-Vertu (Gohier / Edouard-Laurin),45.512989627641865,-73.68249848484993,
3076,7129.0,de l'Eglise / St-Germain,45.51255920872999,-73.67701068520546,
3077,7130.0,Métro du Collège (Cartier / Décarie),45.50843904979172,-73.6729645729065,
3078,7131.0,Bibliothèque du Boisé (Thimens / Todd),45.50463493033909,-73.70443224906921,
3079,7132.0,Ste-Croix / Tassé,45.519492499678165,-73.6851042509079,
3080,7133.0,Thimens / Alexis-Nihon,45.50897852206792,-73.69856357574463,
3081,7134.0,Poirier / O'Brien,45.52246015438048,-73.69156435132027,
3082,7135.0,Cavendish / Poirier,45.50622283591452,-73.71148109436035,
3083,7136.0,Marcel-Laurin / Beaudet,45.50684315902468,-73.68175685405731,
3084,7137.0,de Lisieux / Jean-Talon,45.57934937043077,-73.58168095350266,
3085,7138.0,Dumesnil / Bélanger,45.587777966914885,-73.56935352087021,
3086,7139.0,Parc Plage,45.50282785563674,-73.52779269218445,
3087,7140.0,St-Jacques / des Seigneurs,45.48918571608228,-73.57190027832984,
3088,7141.0,Turgeon / Notre-Dame,45.47888852807208,-73.58198940753937,
3089,7142.0,Elgar / de l'Île-des-Sœurs,45.45682318753668,-73.546804189682,
3090,7143.0,LaSalle / Godin,45.44693448484644,-73.57219934463501,
3091,7144.0,Hickson / Wellington,45.46489251773306,-73.56699787080288,
3092,7145.0,Argyle / Bannantyne,45.453318765468914,-73.5767751932144,
3093,7146.0,Lusignan / St-Jacques,45.492222393331566,-73.56934815645218,
3094,7147.0,Métro de Castelnau (de Castelnau / Clark),45.53473935096963,-73.62076878547667,
3095,7148.0,Papineau / Émile-Journault,45.55988367688166,-73.63356828689575,
3096,7149.0,16e avenue / Jean-Talon,45.56244008398078,-73.59533339738846,
3097,7150.0,du Souvenir / Chomedey,45.55188644388879,-73.74444007873535,
3098,7151.0,Métro Montmorency (de l'Avenir / Jacques-Tétreault),45.558108953383545,-73.71959745883942,
3099,7152.0,Parc St-Claude (7e avenue / 8e rue),45.56266824826759,-73.6923623085022,
3100,7153.0,Métro Cartier (des Laurentides / Cartier),45.56002974868339,-73.68133574724197,
3716,6437.0,Melville / de Maisonneuve,45.4818402,-73.595379,
3721,8080.0,Robin / 15e rue,45.5594955,-73.6989176,
3722,8081.0,Legrand / Cartier,45.552535,-73.70749,
3723,8056.0,de Gaspé / Marmier,45.5295385,-73.6013469,
3724,8052.0,Cégep Marie-Victorin,45.6174998,-73.6060113,
3725,8012.0,Hôpital Sacré-Coeur (Forbes),45.5318647,-73.7135518,
3726,8015.0,Parc du Mall (Cholet / Honoré-Beaugrand),45.599843416440486,-73.54470133781433,
3727,8017.0,Parc Van Horne (de la Peltrie / de Westbury),45.4905688,-73.6385947,
3728,8011.0,Parc nature de l'Île-de-la-Visitation (Gouin / Bruchési),45.5782708,-73.6559513,
3729,8013.0,Parc Henri-Julien (Legendre / Henri-Julien),45.5460356,-73.6465985,
3730,8045.0,REV (Souligny / Desmarteau),45.6046208,-73.5159963,
3731,8042.0,des Ormeaux / de Grosbois,45.6059017,-73.5343695,
3732,8020.0,Parc MacDonald (Earnscliffe / Dupuis),45.484919,-73.6374146,
3733,8068.0,Place Rodolphe-Rousseau (Gohier / Édouard-Laurin),45.5129939,-73.6824985,
3734,8053.0,Molson / William-Tremblay,45.5415485,-73.5650124,
3735,8047.0,Parc St-Laurent (Salk / Henri-Bourassa),45.6055325,-73.6280242,
3736,8048.0,Parc Langelier - Marie-Victorin,45.6144298,-73.6122333,
3737,8046.0,Mairie d'arrondissement Montréal-Nord (Hébert / Place de l'Hôtel-de-Ville),45.5939452,-73.6384445,
3738,8071.0,Gare d'autocars de Montréal (Berri / Ontario),45.5169262,-73.5642573,
3739,8036.0,Messier / St-Joseph,45.5394606,-73.5760564,
3740,8069.0,Ateliers municipaux de St-Laurent (Cavendish / Poirier),45.5061758,-73.7111861,
3741,8022.0,Centre des loisirs (Tassé / Grenet),45.5147343,-73.691449,
3742,10.0,Métro Angrignon (Lamont /  des Trinitaires),45.44691,-73.60363,
3743,13.0,Métro de l'Église (Ross / de l'Église),45.462726,-73.565959,
3744,17.0,Tolhurst / Fleury,45.544149,-73.66752,
3745,21.0,St-Christophe / Cherrier,45.52029,-73.568119,
3746,31.0,Lespérance / de Rouen,45.538839,-73.552779,
3747,36.0,St-Cuthbert / St-Urbain,45.514773,-73.578312,
3748,38.0,Métro Vendôme (de Marlowe / de Maisonneuve),45.473868,-73.604538,
3749,43.0,Métro Université de Montréal (Édouard-Montpetit / Louis-Collin),45.50367,-73.61848,
3750,47.0,Métro Guy-Concordia (Guy / St-Catherine),45.495045,-73.57783,
3751,60.0,Durocher / Van Horne,45.524394,-73.611423,
3752,65.0,Bel Air / St-Antoine,45.482778,-73.584621,
3753,75.0,St-Joseph / 8e avenue Lachine,45.43155,-73.67112,
3754,76.0,St-Joseph / 34e avenue Lachine,45.433251,-73.693962,
3755,78.0,8e avenue / Notre-Dame Lachine,45.434898,-73.670819,
3756,79.0,Victoria / 18e avenue Lachine,45.435996,-73.680111,
3757,86.0,Parc Pratt (Dunlop / Van Horne),45.515007,-73.619788,
3758,92.0,Métro Rosemont (de St-Vallier / Rosemont),45.531783,-73.597793,
3759,99.0,7e avenue / St-Joseph Rosemont,45.547108,-73.569367,
3760,100.0,16e avenue / St-Joseph,45.55287,-73.565631,
3761,111.0,Hutchison / Sherbrooke,45.507717,-73.57167,
3762,120.0,Drolet / Faillon,45.539316,-73.620661,
3763,122.0,Lajeunesse / Jarry,45.543771,-73.628509,
3764,125.0,Cité des Arts du Cirque (Paul Boutet / des Regrattiers),45.559872,-73.615541,
3765,126.0,Rousselot / Jarry,45.550899,-73.62108,
3766,135.0,St-Alexandre / Ste-Catherine,45.505359,-73.567741,
3767,137.0,Jeanne-d'Arc / Ontario,45.549598,-73.541874,
3768,138.0,de la Salle / Ste-Catherine,45.549963,-73.534434,
3769,139.0,d'Orléans / Hochelaga,45.550768,-73.549427,
3770,140.0,Bennett / Ste-Catherine,45.553053,-73.532427,
3771,141.0,Marché Maisonneuve,45.553219,-73.539782,
3772,142.0,Ontario / Sicard,45.556262,-73.537441,
3773,143.0,de Ville-Marie / Ste-Catherine,45.557921,-73.529147,
3774,144.0,Ontario / Viau,45.559482,-73.535496,
3775,145.0,Gauthier / Papineau,45.529666,-73.567336,
3776,146.0,Gauthier / de Lorimier,45.531674,-73.565413,
3777,147.0,Gauthier / Parthenais,45.532926,-73.56378,
3778,148.0,de Bordeaux / Marie-Anne,45.533409,-73.570657,
3779,149.0,des Érables / Rachel,45.533547,-73.566867,
3780,150.0,Fullum / Sherbrooke,45.533924,-73.562425,
3781,151.0,Chapleau / Terrasse Mercure,45.536738,-73.565167,
3782,152.0,Bercy / Rachel,45.538403,-73.561964,
3783,153.0,Ste-Catherine / Dezery,45.539385,-73.541,
3784,154.0,Dézéry / Ontario,45.54111,-73.54755,
3785,155.0,Métro Préfontaine (Moreau / Hochelaga),45.54178,-73.555714,
3786,156.0,Valois / Ste-Catherine,45.54523,-73.53725,
3787,157.0,St-Germain / Hochelaga,45.543699,-73.553673,
3788,158.0,Aylwin / Ontario,45.544284,-73.54534,
3789,159.0,Métro Joliette  (Joliette / Hochelaga),45.546907,-73.551557,
3790,160.0,Valois / Ontario,45.547405,-73.544674,
3791,161.0,Nicolet / Sherbrooke,45.549695,-73.554647,
3792,162.0,Métro Assomption (Chauveau / de l'Assomption),45.569789,-73.548081,
3793,164.0,Métro Cadillac (de Cadillac / Sherbrooke),45.576963,-73.546836,
3794,165.0,Pierre-de-Coubertin / Langelier,45.580315,-73.535314,
3795,166.0,Métro Langelier (Langelier / Sherbrooke),45.582847,-73.542476,
3796,167.0,Boyer / du Mont-Royal,45.527432,-73.579917,
3797,168.0,Calixa-Lavallée / Rachel,45.527795,-73.571939,
3798,169.0,de Brébeuf / du Mont-Royal,45.529408,-73.578154,
3799,170.0,de Lanaudière / Marie-Anne,45.529326,-73.574806,
3800,171.0,Marquette / Rachel,45.529802,-73.57029,
3801,172.0,Garnier / du Mont-Royal,45.53092,-73.57674,
3802,173.0,Marquette / du Mont-Royal,45.53229,-73.57544,
3803,174.0,Cartier / Marie-Anne,45.532674,-73.571776,
3804,175.0,Chabot / du Mont-Royal,45.534185,-73.573589,
3805,176.0,Cartier / St-Joseph,45.535828,-73.57869,
3806,177.0,de Bordeaux / Gilford,45.53611,-73.576287,
3807,179.0,Messier / du Mont-Royal,45.537114,-73.571003,
3808,180.0,Laurier / de Bordeaux,45.537205,-73.579254,
3809,181.0,Cartier / Masson,45.538021,-73.583524,
3810,182.0,Chapleau / du Mont-Royal,45.53867,-73.56936,
3811,183.0,de Bordeaux / Masson,45.538984,-73.582445,
3812,184.0,Fullum / Gilford,45.539224,-73.573837,
3813,185.0,Parc des Rapides (LaSalle / 6e avenue),45.429471,-73.593099,
3814,186.0,LaSalle / Crawford,45.437914,-73.58274,
3815,187.0,Natatorium (LaSalle / Rolland),45.444547,-73.575091,
3816,188.0,Bibliothèque de Verdun (Brown / Bannantyne),45.448262,-73.577856,
3817,189.0,Beatty / de Verdun,45.45073,-73.572575,
3818,190.0,Métro Monk (Allard / Beaulieu),45.450851,-73.594027,
3819,191.0,Argyle / Bannantyne,45.453319,-73.576775,
3820,192.0,Argyle / de Verdun,45.453016,-73.571915,
3821,193.0,Hamilton / Jolicoeur,45.456355,-73.597557,
3822,194.0,5e avenue / Bannantyne,45.456365,-73.57614,
3823,196.0,4e avenue / de Verdun,45.456885,-73.572607,
3824,197.0,Dubois / Eadie,45.457597,-73.590529,
3825,198.0,2e avenue / Wellington,45.457893,-73.567528,
3826,199.0,Métro Verdun (Willibrord / de Verdun),45.459488,-73.572092,
3827,200.0,Gordon / Wellington,45.461078,-73.567307,
3828,201.0,Parc St-Paul (Le Caron / Marc-Sauvalle),45.461685,-73.584039,
3829,202.0,St-Patrick / Briand,45.463397,-73.596436,
3830,203.0,de l'Église / de Verdun,45.463001,-73.571569,
3831,204.0,de l'Église / Bannantyne,45.463254,-73.575879,
3832,205.0,Regina / de Verdun,45.467369,-73.570769,
3833,206.0,Métro Lasalle (de Rushbrooke / Caisse),45.470696,-73.565422,
3834,207.0,Métro Laurier (Rivard / Laurier),45.527616,-73.589115,
3835,208.0,St-Hubert / Laurier,45.52931,-73.588657,
3836,209.0,Hélène-Baillargeon / St-Denis,45.52974,-73.59527,
3837,211.0,de Mentana / Laurier,45.53045,-73.587638,
3838,214.0,Laurier / de Brébeuf,45.532514,-73.584811,
3839,215.0,Garnier / St-Joseph,45.532978,-73.581222,
3840,216.0,de Lanaudière / Laurier,45.533314,-73.583737,
3841,217.0,Gerry-Boulet / St-Grégoire,45.533735,-73.589307,
3842,218.0,Marquette / Laurier,45.53543,-73.5822,
3843,221.0,Métro Crémazie (Crémazie / Lajeunesse),45.546408,-73.638428,
3844,222.0,Clark / Fleury,45.547581,-73.665234,
3845,223.0,Émile-Journault / de Chateaubriand,45.549833,-73.640633,
3846,224.0,Basile-Routhier / Chabanel,45.549868,-73.647657,
3847,225.0,Métro Sauvé (Berri / Sauvé),45.550692,-73.656367,
3848,226.0,Jacques-Casault / Christophe-Colomb,45.552123,-73.630103,
3849,227.0,Complexe sportif Claude-Robillard,45.553262,-73.638615,
3850,228.0,Fleury / Lajeunesse,45.553579,-73.662083,
3851,229.0,Métro Henri-Bourassa (Henri-Bourassa / Millen),45.556751,-73.667162,
3852,230.0,Chambord / Fleury,45.559828,-73.658325,
3853,231.0,Hamel / Sauvé,45.560762,-73.650561,
3854,232.0,Francis / Fleury,45.563872,-73.655568,
3855,233.0,Marquette / Fleury,45.567352,-73.653787,
3856,234.0,de l'Hôtel-de-Ville / Sherbrooke,45.514565,-73.568407,
3857,235.0,Square St-Louis (du Square St-Louis / Laval),45.516091,-73.570129,
3858,236.0,Parc Jeanne-Mance (du Mont-Royal / du Parc),45.517,-73.589,
3859,237.0,de l'Esplanade / du Mont-Royal,45.518253,-73.588338,
3860,238.0,Villeneuve / du Parc,45.51829,-73.59235,
3861,239.0,Roy / St-Denis,45.51908,-73.5727,
3862,240.0,Berri / Cherrier,45.519088,-73.569509,
3863,241.0,Laval / Duluth,45.519216,-73.57718,
3864,242.0,du Mont-Royal / Clark,45.51941,-73.58685,
3865,243.0,Laval / Rachel,45.520179,-73.579424,
3866,244.0,Villeneuve / St-Urbain,45.520188,-73.590559,
3867,245.0,St-André / Cherrier,45.520524,-73.567697,
3868,246.0,Duluth / St-Denis,45.520604,-73.575984,
3869,247.0,Roy / St-André,45.521564,-73.570367,
3870,248.0,de Bullion / du Mont-Royal,45.521751,-73.585268,
3871,249.0,Rivard / Rachel,45.522278,-73.577591,
3872,250.0,Laval / du Mont-Royal,45.522365,-73.584146,
3873,251.0,St-Hubert / Duluth,45.522426,-73.574184,
3874,252.0,Berri / Rachel,45.522719,-73.577204,
3875,253.0,Beaudry / Sherbrooke,45.523035,-73.565395,
3876,254.0,du Parc-La Fontaine / Roy,45.522866,-73.568377,
3877,255.0,Villeneuve / de l'Hôtel-de-Ville,45.523544,-73.587332,
3878,256.0,Métro Mont-Royal (Rivard / du Mont-Royal),45.524673,-73.58255,
3879,257.0,Marie-Anne / St-Hubert,45.524683,-73.578897,
3880,258.0,du Parc-La Fontaine / Duluth,45.524518,-73.571977,
3881,259.0,Calixa-Lavallée / Sherbrooke,45.52479,-73.56545,
3882,260.0,de Mentana / Rachel,45.524963,-73.575559,
3883,261.0,Resther / du Mont-Royal,45.525628,-73.581775,
3884,262.0,de Mentana / Marie-Anne,45.526027,-73.577859,
3885,263.0,Métro Laurier (Berri / St-Joseph),45.527231,-73.586726,
3886,264.0,Pontiac / Gilford,45.527009,-73.585766,
3887,265.0,Émile-Duployé / Sherbrooke,45.527201,-73.564729,
3888,266.0,Marie-Anne / de la Roche,45.527758,-73.576185,
3889,267.0,Gilford / de Brébeuf,45.530816,-73.581626,
3890,268.0,Gilford / de Lanaudière,45.532008,-73.580444,
3891,270.0,St-Hubert / René-Lévesque,45.514335,-73.556464,
3892,271.0,Sanguinet / Ontario,45.514767,-73.565491,
3893,272.0,Ste-Catherine / Labelle,45.515065,-73.55923,
3894,273.0,St-André / Ste-Catherine,45.516427,-73.558112,
3895,274.0,Gare d'autocars de Montréal (Berri / Ontario),45.516897,-73.563949,
3896,275.0,de Maisonneuve / Berri,45.51567,-73.561009,
3897,276.0,Wolfe / René-Lévesque,45.516818,-73.554188,
3898,277.0,St-André / Robin,45.518128,-73.561851,
3899,278.0,St-André / Ontario,45.51889,-73.56353,
3900,279.0,Montcalm / de Maisonneuve,45.519139,-73.557866,
3901,280.0,Plessis / René-Lévesque,45.519373,-73.551958,
3902,281.0,Wolfe / Robin,45.519581,-73.560116,
3903,283.0,Montcalm / Ontario,45.521081,-73.562275,
3904,284.0,Papineau / René-Lévesque,45.52114,-73.54926,
3905,285.0,Alexandre-DeSève / Ste-Catherine,45.52123,-73.553861,
3906,286.0,Logan / de Champlain,45.523194,-73.555843,
3907,288.0,Plessis / Ontario,45.523492,-73.56073,
3908,289.0,Métro Papineau (Cartier / Ste-Catherine),45.52353,-73.55199,
3909,290.0,de Champlain / Ontario,45.525109,-73.560206,
3910,292.0,Jean Langlois / Fullum,45.5265,-73.545753,
3911,293.0,Dorion / Ontario,45.526991,-73.558212,
3912,294.0,Logan / Fullum,45.528366,-73.551171,
3913,295.0,Poupart / Ste-Catherine,45.529002,-73.546199,
3914,296.0,Larivière / de Lorimier,45.529134,-73.559234,
3915,297.0,de Bordeaux / Sherbrooke,45.529971,-73.563053,
3916,298.0,Logan / d'Iberville,45.53057,-73.54913,
3917,299.0,Poupart / Ontario,45.531939,-73.553439,
3918,302.0,Métro Frontenac (Ontario / du Havre),45.533706,-73.552179,
3919,303.0,Hochelaga / Chapleau,45.534453,-73.559652,
3920,304.0,du Havre / de Rouen,45.534563,-73.554787,
3921,305.0,Hogan / Ontario,45.535295,-73.55116,
3922,306.0,Sherbrooke / Frontenac,45.5367,-73.56081,
3923,307.0,Wurtele / de Rouen,45.537628,-73.553394,
3924,309.0,University / Milton,45.506511,-73.576669,
3925,310.0,University / Prince-Arthur,45.507402,-73.578444,
3926,311.0,Milton / Durocher,45.508141,-73.57493,
3927,312.0,Aylmer / Prince-Arthur,45.508567,-73.577698,
3928,313.0,Milton / du Parc,45.509361,-73.573864,
3929,314.0,Hutchison / Prince-Arthur,45.509759,-73.576107,
3930,315.0,Ste-Famille / Sherbrooke,45.510072,-73.570752,
3931,316.0,Prince-Arthur / du Parc,45.51059,-73.57547,
3932,317.0,Métro St-Laurent (de Maisonneuve / St-Laurent),45.51066,-73.56497,
3933,318.0,Hutchison / des Pins,45.51069,-73.57805,
3934,321.0,de l'Hôtel-de-Ville / Ste-Catherine,45.51166,-73.562136,
3935,322.0,Milton / Clark,45.512541,-73.570677,
3936,323.0,Prince-Arthur / St-Urbain,45.512587,-73.573739,
3937,324.0,Sanguinet / Ste-Catherine,45.512797,-73.561463,
3938,325.0,Ste-Famille / des Pins,45.512832,-73.576888,
3939,326.0,Clark / Prince-Arthur,45.513303,-73.572961,
3940,327.0,Sanguinet / de Maisonneuve,45.513405,-73.562594,
3941,328.0,Guilbault / Clark,45.514108,-73.57523,
3942,329.0,Metcalfe / St-Catherine,45.500832,-73.572459,
3943,330.0,Parc Jeanne Mance (monument sir George-Etienne Cartier),45.51484,-73.584779,
3944,331.0,Duluth / de l'Esplanade,45.515092,-73.581142,
3945,332.0,BAnQ (Berri / de Maisonneuve),45.515299,-73.561273,
3946,333.0,Parc de Bullion (de Bullion / Prince-Arthur),45.515604,-73.572135,
3947,334.0,Roy / St-Laurent,45.515616,-73.575808,
3948,336.0,Duluth / St-Laurent,45.516876,-73.57946,
3949,337.0,de l'Hôtel-de-Ville / Roy,45.517401,-73.574605,
3950,338.0,Clark / Rachel,45.517354,-73.582129,
3951,339.0,St-Dominique / Rachel,45.518593,-73.581566,
3952,340.0,Vallières / St-Laurent,45.518967,-73.583616,
3953,341.0,U. Concordia - Campus Loyola (Sherbrooke / West Broadway),45.457509,-73.639485,
3954,342.0,Park Row O / Sherbrooke,45.460729,-73.634073,
3955,343.0,Benny / Sherbrooke,45.464877,-73.626597,
3956,344.0,Grand Boulevard / Sherbrooke,45.466569,-73.623295,
3957,346.0,de la Côte St-Antoine / Royal,45.468927,-73.61987,
3958,347.0,de Melrose / Sherbrooke,45.46982,-73.616961,
3959,348.0,de Hampton / de Monkland,45.471179,-73.627002,
3960,349.0,Marcil / Sherbrooke,45.471743,-73.613924,
3961,350.0,Harvard / de Monkland,45.474565,-73.624036,
3962,351.0,de Monkland / Girouard,45.477107,-73.621438,
3963,352.0,Notre-Dame-de-Grâce / Décarie,45.477353,-73.615372,
3964,354.0,Métro Snowdon (de Westbury / Queen-Mary),45.485385,-73.628142,
3965,355.0,Lionel-Groulx / George-Vanier,45.486219,-73.573747,
3966,356.0,Canning / Notre-Dame,45.486319,-73.570233,
3967,357.0,des Seigneurs / Notre-Dame,45.487723,-73.569083,
3968,358.0,Métro Georges-Vanier (St-Antoine / Canning),45.4891,-73.57656,
3969,359.0,Métro Atwater (Atwater / Ste-Catherine),45.489476,-73.584566,
3970,360.0,Atwater / Sherbrooke,45.491226,-73.58763,
3971,361.0,Beaucourt / de la Côte-Ste-Catherine,45.491513,-73.633649,
3972,362.0,Chomedey / de Maisonneuve,45.4918,-73.584006,
3973,363.0,Ste-Catherine / St-Marc,45.492897,-73.580294,
3974,364.0,Lincoln / du Fort,45.493034,-73.583836,
3975,365.0,St-Mathieu / Ste-Catherine,45.49368,-73.579146,
3976,366.0,St-Marc / Sherbrooke,45.494514,-73.583368,
3977,367.0,de Kent / Victoria,45.494564,-73.638702,
3978,368.0,Jean-Brillant / de la Côte-des-Neiges,45.495415,-73.622341,
3979,369.0,Hôpital général juif (de la Côte Ste-Catherine / Légaré),45.496302,-73.629822,
3980,370.0,Mackay / de Maisonneuve,45.49683,-73.57913,
3981,371.0,Swail / Decelles,45.497055,-73.618652,
3982,372.0,Ellendale / de la Côte-des-Neiges,45.499757,-73.629298,
3983,373.0,de Kent / de la Côte-des-Neiges,45.501449,-73.633051,
3984,374.0,de Soissons / de Darlington,45.506899,-73.623526,
3985,375.0,Parc Kent (de Kent / Hudson),45.505721,-73.629459,
3986,376.0,Édouard-Montpetit / de Stirling,45.50723,-73.615085,
3987,377.0,Wilderton  / Van Horne,45.510142,-73.624752,
3988,378.0,Tupper / du Fort,45.49123,-73.580782,
3989,379.0,St-Mathieu / Sherbrooke,45.495789,-73.582596,
3990,381.0,Crescent / de Maisonneuve,45.498112,-73.577615,
3991,382.0,Drummond / Ste-Catherine,45.498639,-73.574227,
3992,383.0,de la Cathédrale / René-Lévesque,45.499191,-73.569421,
3993,384.0,Cypress / Peel,45.499325,-73.571768,
3994,385.0,Drummond / de Maisonneuve,45.49947,-73.57591,
3995,386.0,de la Montagne / Sherbrooke,45.499745,-73.579034,
3996,387.0,Notre-Dame / Gauvin,45.500105,-73.560199,
3997,388.0,Métro Peel (de Maisonneuve / Stanley),45.50038,-73.57507,
3998,389.0,de la Gauchetière / Robert-Bourassa,45.500606,-73.565448,
3999,392.0,Stanley / Sherbrooke,45.501041,-73.577178,
4000,393.0,Metcalfe / de Maisonneuve,45.501715,-73.57413,
4001,394.0,St-Nicolas / Place d'Youville,45.501967,-73.555153,
4002,395.0,Square Victoria (Viger / du Square-Victoria),45.50206,-73.56295,
4003,396.0,Union / René-Lévesque,45.50235,-73.566583,
4004,397.0,St-Jacques / St-Pierre,45.502786,-73.559134,
4005,398.0,McTavish / Sherbrooke,45.502813,-73.576024,
4006,400.0,du President-Kennedy / Union,45.505011,-73.572028,
4007,401.0,St-Antoine / St-François-Xavier,45.504591,-73.559188,
4008,403.0,Viger / Chenneville,45.505312,-73.560891,
4009,404.0,Métro Place-d'Armes (Viger / St-Urbain),45.50623,-73.55976,
4010,405.0,City Councillors / du President-Kennedy,45.506251,-73.571391,
4011,406.0,St-Jacques / St-Laurent,45.506421,-73.556466,
4012,407.0,St-Urbain / de la Gauchetière,45.507078,-73.561395,
4013,408.0,Notre-Dame / St-Gabriel,45.507144,-73.555119,
4014,409.0,du Champ-de-Mars / Gosford,45.509655,-73.554009,
4015,410.0,Métro Champ-de-Mars (Viger / Sanguinet),45.510351,-73.556508,
4016,411.0,St-André / St-Antoine,45.514114,-73.552645,
4017,412.0,Ottawa / William,45.489727,-73.564063,
4018,413.0,Joseph-Manseau / René-Lévesque,45.491687,-73.576767,
4019,414.0,Notre-Dame / de la Montagne,45.493029,-73.564818,
4020,415.0,Lucien L'Allier / St-Jacques,45.493569,-73.568576,
4021,418.0,Métro Lucien-L'Allier  (Lucien l'Allier / Argyle),45.494872,-73.571124,
4022,419.0,Duke / Brennan,45.495581,-73.553711,
4023,420.0,Bishop / Ste-Catherine,45.496583,-73.576502,
4024,421.0,de la Commune / King,45.497515,-73.552571,
4025,422.0,William / St-Henri,45.498919,-73.557254,
4026,423.0,Queen / Wellington,45.497605,-73.55535,
4027,425.0,Labadie / du Parc,45.519895,-73.596827,
4028,427.0,de l'Esplanade / Fairmount,45.521496,-73.596827,
4029,428.0,Jeanne-Mance / St-Viateur,45.523027,-73.60184,
4030,429.0,Waverly / St-Viateur,45.523856,-73.600127,
4031,430.0,de Bullion / St-Joseph,45.524037,-73.590143,
4032,431.0,Bernard / Jeanne-Mance,45.524287,-73.604973,
4033,432.0,Maguire / St-Laurent,45.524628,-73.595811,
4034,433.0,Hutchison / Van Horne,45.524942,-73.610606,
4035,434.0,de Gaspé / Fairmount,45.525648,-73.592928,
4036,435.0,St-Viateur / St-Laurent,45.525931,-73.598839,
4037,436.0,Drolet / Laurier,45.526252,-73.589758,
4038,437.0,St-Dominique / St-Viateur,45.526557,-73.598276,
4039,438.0,Maguire / Henri-Julien,45.527041,-73.593471,
4040,439.0,Waverly / Van Horne,45.527363,-73.607723,
4041,440.0,Casgrain / St-Viateur,45.527513,-73.598791,
4042,441.0,de Gaspé / St-Viateur,45.527748,-73.597439,
4043,442.0,Henri-Julien / du Carmel,45.527839,-73.594821,
4044,443.0,St-Dominique / Bernard,45.527933,-73.601223,
4045,444.0,Berlioz / de l'Île des Soeurs,45.459986,-73.543956,
4046,445.0,Place du Commerce,45.46714,-73.54259,
4047,447.0,Léa-Roback / Sir-Georges-Etienne-Cartier,45.471669,-73.582644,
4048,448.0,Jacques-Le Ber / de la Pointe Nord,45.472503,-73.539285,
4049,449.0,Ste-Émilie / Sir-Georges-Etienne-Cartier,45.472668,-73.58539,
4050,450.0,Ryde / Charlevoix,45.475743,-73.564601,
4051,451.0,Métro Place St-Henri (St-Ferdinand / St-Jacques),45.477249,-73.587238,
4052,452.0,Fortune / Wellington,45.477923,-73.559038,
4053,453.0,Métro Charlevoix (Centre / Charlevoix),45.478228,-73.569651,
4054,455.0,Bourgeoys / Favard,45.47993,-73.555921,
4055,456.0,Ropery / Augustin-Cantin,45.480914,-73.56846,
4056,459.0,Duvernay / Charlevoix,45.482098,-73.574876,
4057,461.0,Shearer / Centre,45.483006,-73.562187,
4058,462.0,Charlevoix / Lionel-Groulx,45.483928,-73.577312,
4059,463.0,Augustin-Cantin / Shearer,45.484018,-73.563437,
4060,464.0,Richardson / de Montmorency,45.48498,-73.560333,
4061,465.0,Georges-Vanier / Notre-Dame,45.485048,-73.571963,
4062,466.0,Quesnel / Vinet,45.485889,-73.577514,
4063,467.0,Guy / Notre-Dame,45.490042,-73.567111,
4064,468.0,Young / Wellington,45.492825,-73.557978,
4065,469.0,de la Commune / St-Sulpice,45.504242,-73.55347,
4066,470.0,de la Commune / Place Jacques-Cartier,45.50761,-73.551836,
4067,471.0,de la Commune / Berri,45.51086,-73.54983,
4068,472.0,Rachel / de Brébeuf,45.52689,-73.57264,
4069,474.0,Métro Acadie (de l'Acadie / Beaumont),45.523575,-73.623443,
4070,477.0,Métro de la Savane (de Sorel / Bougainville),45.500451,-73.661428,
4071,478.0,Dollard / Bernard,45.516783,-73.611423,
4072,479.0,Casgrain / Maguire,45.525933,-73.595253,
4073,480.0,Jeanne-Mance / Beaubien,45.52765,-73.6123,
4074,481.0,Alfred Laliberté / de Poutrincourt,45.53308,-73.694597,
4075,482.0,Chabanel / du Parc,45.538308,-73.654884,
4076,483.0,Gare Bois-de-Boulogne,45.539726,-73.677165,
4077,484.0,Laforest / Dudemaine,45.539806,-73.687266,
4078,485.0,Chabanel / de l'Esplanade,45.540686,-73.653376,
4079,486.0,Papineau / Émile-Journault,45.559884,-73.633568,
4080,487.0,16e avenue / Jean-Talon,45.56244,-73.595333,
4081,488.0,Rosemont / Viau,45.56833,-73.566663,
4082,489.0,de St-Firmin / Fleury,45.570657,-73.651842,
4083,490.0,41e avenue / Rosemont,45.57179,-73.564315,
4084,491.0,Fleury / André-Jobin,45.576,-73.646765,
4085,492.0,de Lisieux / Jean-Talon,45.579349,-73.581681,
4086,493.0,de Belleville / Fleury,45.58116,-73.641243,
4087,495.0,Dumesnil / Bélanger,45.587778,-73.569354,
4088,496.0,des Récollets / Martial,45.590892,-73.640617,
4089,497.0,François-Boivin / Bélanger,45.592596,-73.566175,
4090,498.0,Notre-Dame / Liébert,45.592803,-73.510466,
4091,499.0,Liébert / Hochelaga,45.595875,-73.523528,
4092,500.0,Parc d'Antioche (Place d'Antioche / St-Zotique),45.595352,-73.55859,
4093,501.0,Bélanger / des Galeries d'Anjou,45.597221,-73.56279,
4094,502.0,William / Robert-Bourassa,45.497165,-73.55933,
4095,504.0,Gagne / LaSalle,45.422451,-73.601194,
4096,505.0,Parc Highlands (Highlands / LaSalle),45.426124,-73.657416,
4097,506.0,Cégep André-Laurendeau,45.435665,-73.605652,
4098,507.0,Newman / Senkus,45.444043,-73.613752,
4099,508.0,LaSalle / Godin,45.446934,-73.572199,
4100,509.0,Elgar / de l'Île-des-Sœurs,45.456823,-73.546804,
4101,510.0,Hickson / Wellington,45.464892,-73.566998,
4102,511.0,Grand Boulevard / de Terrebonne,45.470544,-73.63168,
4103,512.0,Turgeon / Notre-Dame,45.478888,-73.581989,
4104,513.0,St-Jacques / des Seigneurs,45.489186,-73.5719,
4105,514.0,des Bassins / du Séminaire,45.490452,-73.560172,
4106,515.0,Parc Plage,45.502828,-73.527793,
4107,516.0,Lusignan / St-Jacques,45.492222,-73.569348,
4108,517.0,Bibliothèque du Boisé (Thimens / Todd),45.504635,-73.704432,
4109,519.0,Beaudet / Marcel-Laurin,45.506843,-73.681757,
4110,520.0,Métro du Collège (Cartier / Décarie),45.508439,-73.672965,
4111,521.0,Thimens / Alexis-Nihon,45.508978,-73.698564,
4112,522.0,de l'Eglise / St-Germain,45.512559,-73.677011,
4113,523.0,Ste-Croix / Tassé,45.519492,-73.685104,
4114,524.0,O'Brien / Poirier,45.52246,-73.691564,
4115,525.0,Casino de Montréal,45.506373,-73.524577,
4116,526.0,Quai de la navette fluviale,45.513741,-73.538382,
4117,527.0,Métro Longueuil - Université de Sherbrooke,45.523319,-73.520127,
4118,528.0,Place Longueuil,45.52841,-73.517166,
4119,529.0,St-Charles / Montarville,45.533682,-73.515261,
4120,530.0,Collège Édouard-Montpetit (de Gentilly / de Normandie),45.537226,-73.495067,
4121,531.0,St-Charles / Grant,45.539824,-73.508752,
4122,532.0,Marché Atwater,45.480208,-73.577599,
4123,533.0,Atwater / Greene,45.480495,-73.577827,
4124,537.0,Villeneuve / St-Laurent,45.521342,-73.589419,
4125,538.0,Dollard / Van Horne,45.519153,-73.616469,
4126,540.0,Stuart / St-Viateur,45.516079,-73.607798,
4127,541.0,Parc Outremont (Bloomfield / Elmwood),45.518309,-73.603286,
4128,542.0,Parc Joyce (Rockland / Lajoie),45.515617,-73.614991,
4129,543.0,Davaar / de la Côte-Ste-Catherine,45.514379,-73.610871,
4130,544.0,Bloomfield / Bernard,45.520688,-73.608428,
4131,546.0,Bloomfield / Van Horne,45.522586,-73.612658,
4132,547.0,Métro Édouard-Montpetit (du Mont-Royal / Vincent-d'Indy),45.510086,-73.611429,
4133,548.0,Waverly / St-Zotique,45.530505,-73.614708,
4134,549.0,du Mont-Royal / Augustin-Frigon,45.543763,-73.56772,
4135,550.0,Drolet / Beaubien,45.533348,-73.605834,
4136,551.0,Métro Beaubien (de Chateaubriand / Beaubien),45.53536,-73.603635,
4137,552.0,de Bellechasse / de St-Vallier,45.53341,-73.601124,
4138,553.0,Boyer / Beaubien,45.537041,-73.602026,
4139,554.0,Chambord / Beaubien,45.539932,-73.599343,
4140,555.0,Centre ÉPIC (St-Zotique / 40e avenue),45.574147,-73.574621,
4141,556.0,Chabot / Beaubien,45.544376,-73.595645,
4142,557.0,Louis-Hébert / de Bellechasse,45.546661,-73.588684,
4143,558.0,Molson / Beaubien,45.549686,-73.591155,
4144,559.0,Beaubien / 8e avenue,45.553457,-73.587842,
4145,560.0,16e avenue / Beaubien,45.558281,-73.583159,
4146,561.0,29e avenue / St-Zotique,45.567766,-73.579688,
4147,562.0,de la Roche /  de Bellechasse,45.537159,-73.597476,
4148,563.0,Chabot / de Bellechasse,45.54257,-73.592144,
4149,564.0,Louis-Hébert / Beaubien,45.548186,-73.59201,
4150,565.0,Alexandra / Jean-Talon,45.532331,-73.620187,
4151,566.0,Marché Jean-Talon (Henri-Julien / Jean-Talon),45.536785,-73.614888,
4152,567.0,Bélanger / St-Denis,45.53696,-73.61199,
4153,568.0,de la Roche / Bélanger,45.54167,-73.607604,
4154,569.0,Boyer / Bélanger,45.54006,-73.60897,
4155,570.0,de Lanaudière / Bélanger,45.543651,-73.60565,
4156,571.0,Cartier / Bélanger,45.546797,-73.602664,
4157,572.0,des Érables / Bélanger,45.549121,-73.600874,
4158,573.0,Parc Père-Marquette (Chambord / Rosemont),45.537088,-73.593219,
4159,574.0,Boyer / Jean-Talon,45.541586,-73.612481,
4160,575.0,Louis-Hémon / Rosemont,45.544599,-73.588223,
4161,576.0,1ère avenue / Rosemont,45.5478,-73.584867,
4162,577.0,5e avenue / Rosemont,45.5499,-73.583084,
4163,578.0,Marquette / des Carrières,45.538799,-73.5887,
4164,579.0,Dandurand / de Lorimier,45.540881,-73.584157,
4165,580.0,Cartier / Dandurand,45.539236,-73.585946,
4166,581.0,de Gaspé / Marmier,45.529686,-73.601728,
4167,582.0,Fabre / St-Zotique,45.543452,-73.60101,
4168,583.0,de Bordeaux / St-Zotique,45.546539,-73.598665,
4169,584.0,Marmier / St-Denis,45.530871,-73.598345,
4170,585.0,Louis-Hébert / St-Zotique,45.55001,-73.59576,
4171,586.0,Fabre / Beaubien,45.54206,-73.597873,
4172,588.0,Parc du Pélican (2e avenue / St-Joseph),45.544513,-73.571564,
4173,589.0,St-Dominique / St-Zotique,45.532265,-73.611063,
4174,590.0,de Gaspé / Dante,45.534298,-73.612172,
4175,591.0,Mozart / St-Laurent,45.53318,-73.61544,
4176,592.0,Boyer / St-Zotique,45.53848,-73.60556,
4177,593.0,de St-Vallier / St-Zotique,45.536261,-73.607546,
4178,594.0,Drolet / St-Zotique,45.534882,-73.609412,
4179,595.0,28e avenue / Rosemont,45.564353,-73.571244,
4180,596.0,Casgrain / Mozart,45.534727,-73.614793,
4181,597.0,12e avenue / St-Zotique,45.556867,-73.589307,
4182,598.0,1ère  avenue / St-Zotique,45.551937,-73.593928,
4183,600.0,Jardin Botanique (Pie-IX / Sherbrooke),45.554947,-73.555295,
4184,601.0,18e avenue / Rosemont,45.557896,-73.576529,
4185,602.0,Hôpital Maisonneuve-Rosemont (Rosemont / Chatelain),45.575707,-73.561562,
4186,604.0,35e avenue / Beaubien,45.570081,-73.573047,
4187,606.0,de Chambly / Rachel,45.549911,-73.558263,
4188,607.0,10e avenue / Masson,45.550306,-73.573353,
4189,608.0,d'Orléans / Masson,45.557192,-73.569847,
4190,610.0,1ère avenue / Masson,45.5452,-73.576451,
4191,611.0,15e avenue / Masson,45.553898,-73.571387,
4192,613.0,Parc J.-Arthur-Champagne (de Chambly / du Mont-Royal),45.551584,-73.561916,
4193,614.0,Omer-Lavallée / du Midway,45.545776,-73.562175,
4194,616.0,Cartier / Rosemont,45.541247,-73.591044,
4195,619.0,St-Urbain / Beaubien,45.52951,-73.61068,
4196,620.0,Ernest-Gendreau / du Mont-Royal,45.549714,-73.563848,
4197,622.0,Place Émilie-Gamelin (St-Hubert / de Maisonneuve),45.515901,-73.559948,
4198,623.0,de Maisonneuve / Mansfield (nord),45.502311000000006,-73.5733635,
4199,624.0,St-Jacques / McGill,45.501441,-73.560144,
4200,625.0,St-Urbain / René-Lévesque,45.507838,-73.563136,
4201,626.0,de Maisonneuve / Mansfield (sud),45.502145,-73.57342700000001,
4202,627.0,Durocher / Bernard,45.522225,-73.606687,
4203,628.0,La Ronde,45.521565,-73.535332,
4204,629.0,Aylmer / Sherbrooke,45.506587,-73.573299,
4205,630.0,Querbes / Laurier,45.51754,-73.597832,
4206,631.0,26e avenue / Beaubien,45.564944,-73.577639,
4207,633.0,Jogues / Allard,45.45002,-73.600306,
4208,634.0,Mackay / Ste-Catherine,45.495709,-73.576952,
4209,635.0,19e avenue / St-Zotique,45.561594,-73.585643,
4210,636.0,de Maisonneuve / Greene,45.486971,-73.589293,
4211,637.0,Hillside / Ste-Catherine,45.482826,-73.590843,
4212,638.0,Victoria / de Maisonneuve,45.477429,-73.600169,
4213,639.0,Victoria Hall,45.481291,-73.60033,
4214,641.0,2e avenue / Jean-Rivard,45.562509,-73.61656,
4215,642.0,Henri-Julien / de Castelnau,45.537891,-73.618215,
4216,644.0,Chambord / Jean-Talon,45.544846,-73.610536,
4217,645.0,Louis-Hébert / Bélanger,45.551585,-73.599165,
4218,646.0,Gary-Carter / St-Laurent,45.5359,-73.622443,
4219,647.0,St-Dominique / Gounod,45.538738,-73.628022,
4220,648.0,Guizot / St-Laurent,45.539663,-73.634475,
4221,650.0,Drolet / Gounod,45.540951,-73.626375,
4222,651.0,de Gaspé / Jarry,45.54078,-73.630401,
4223,652.0,Guizot / St-Denis,45.543424,-73.632462,
4224,653.0,de Gaspé / de Liège,45.542485,-73.636342,
4225,654.0,du Rosaire / St-Hubert,45.544819,-73.62151,
4226,656.0,de Chateaubriand / Jarry,45.545955,-73.626992,
4227,657.0,de la Roche / Everett,45.544867,-73.614841,
4228,658.0,Marquette / Villeray,45.550684,-73.615293,
4229,659.0,St-Dominique / Jean-Talon,45.535248,-73.617564,
4230,660.0,Louis-Hémon / Villeray,45.554961,-73.610737,
4231,661.0,Métro St-Michel (Shaughnessy / St-Michel),45.559199,-73.599658,
4232,663.0,d'Outremont / Ogilvy,45.52687,-73.626723,
4233,664.0,de Normanville / Villeray,45.54717,-73.618041,
4234,665.0,Lajeunesse / Villeray,45.542119,-73.622547,
4235,666.0,Villeray / St-Michel,45.561059,-73.603967,
4236,668.0,Marquette / Jean-Talon,45.547408,-73.607669,
4237,669.0,de Bordeaux / Jean-Talon,45.549755,-73.605566,
4238,671.0,Ball / Querbes,45.531177,-73.632136,
4239,674.0,Drolet / Jarry,45.541955,-73.629942,
4240,675.0,Clark / de Liège,45.539984,-73.638135,
4241,676.0,Boyer / Rosemont,45.534136,-73.595478,
4242,677.0,Bernard / St-Urbain,45.526267,-73.603191,
4243,678.0,CIUSSS (du Trianon / Pierre-de-Coubertin),45.587531,-73.531907,
4244,680.0,Hôpital Santa Cabrini (St-Zotique / Jeanne-Jugan),45.579325,-73.570504,
4245,681.0,St-Denis / René-Lévesque,45.512871,-73.558466,
4246,682.0,du Président-Kennedy / Jeanne-Mance,45.508205,-73.568814,
4247,684.0,Jeanne-Mance / René-Lévesque,45.506371,-73.564201,
4248,686.0,Desjardins / Ontario,45.551192,-73.540873,
4249,687.0,Metcalfe / du Square-Dorchester,45.500208,-73.571138,
4250,688.0,Métro Viau (Pierre-de-Coubertin / Viau),45.561783,-73.546611,
4251,689.0,de Mentana / Gilford,45.528724,-73.583859,
4252,690.0,St-Maurice / Robert-Bourassa,45.498578,-73.560242,
4253,691.0,Métro Honoré-Beaugrand (Sherbrooke / Honoré-Beaugrand),45.596797,-73.535179,
4254,692.0,Paré / Mountain Sights,45.4981,-73.652942,
4255,693.0,Métro Radisson (Sherbrooke / des Groseilliers),45.589175,-73.539656,
4256,694.0,Graham / Brookfield,45.520222,-73.629856,
4257,696.0,Hutchison / Beaubien,45.526058,-73.612969,
4258,699.0,St-Jean-Baptiste / René-Lévesque,45.641557,-73.500375,
4259,701.0,du Tricentenaire / Prince-Albert,45.649546,-73.491916,
4260,702.0,de Maisonneuve / Aylmer (est),45.505386,-73.570432,
4261,703.0,du Souvenir / Chomedey,45.551886,-73.74444,
4262,704.0,Métro Montmorency,45.558109,-73.719598,
4263,705.0,Parc St-Claude (7e avenue / 8e rue),45.562668,-73.692362,
4264,706.0,Métro Cartier,45.56003,-73.681336,
4265,749.0,Atateken / du Square Amherst,45.5206338,-73.563906,
4266,750.0,Métro Sherbrooke (de Rigaud / St-Denis),45.5179989,-73.5681841,
4267,751.0,Bourget / St-Jacques,45.4808458,-73.5838616,
4268,752.0,Métro Bonaventure (de la Gauchetière / de la Cathédrale),45.4983122,-73.567256,
4269,753.0,Mansfield / Ste-Catherine,45.5013987,-73.5717863,
4270,756.0,Notre-Dame / Jean-d'Estrées,45.4942598,-73.5638181,
4271,757.0,de Gaspé / Beaubien,45.5319579,-73.607001,
4272,758.0,des Érables / du Mont-Royal,45.5358535,-73.5720545,
4273,760.0,St-Dominique / de Bellechasse,45.5295036,-73.6048646,
4274,761.0,St-Dominique / du Mont-Royal,45.5205595,-73.5858203,
4275,762.0,St-Dominique / Napoléon,45.5166644,-73.5772204,
4276,763.0,Métro Jean-Talon (Berri / Jean-Talon),45.5390004,-73.614251,
4277,764.0,St-Dominique / Laurier,45.5236149,-73.5924574,
4278,765.0,Faillon / St-Denis,45.5398641,-73.6203128,
4279,767.0,de Gaspé / Villeray,45.5388872,-73.623907,
4280,769.0,Grand Trunk / d'Hibernia,45.47968,-73.56385,
4281,770.0,Rivier / Davidson,45.5461147,-73.5570931,
4282,771.0,Métro Parc  (Hutchison / Ogilvy),45.5303513,-73.6243924,
4283,772.0,de la Salle / Hochelaga,45.5541523,-73.5474935,
4284,774.0,Parc St-Henri (Laporte / Guay),45.4801338,-73.5859081,
4285,775.0,St-Hubert / St-Joseph,45.5280879,-73.5858625,
4286,776.0,de la Côte St-Antoine / Argyle,45.486241,-73.5957277,
4287,778.0,Métro Jolicoeur (de Sève / Drake),45.4560855,-73.5819371,
4288,779.0,de Bleury / de Maisonneuve,45.5070965,-73.5684416,
4289,780.0,LaSalle / 80e avenue,45.4157687,-73.6379242,
4290,781.0,Kirkfield / de Chambois,45.5129332,-73.6338902,
4291,782.0,Garnier / Everett,45.5476247,-73.6120248,
4292,783.0,8e avenue / Jarry,45.5616903,-73.610512,
4293,784.0,de la Côte St-Paul / St-Ambroise,45.4676657,-73.5939178,
4294,785.0,des Jockeys / Décarie,45.4940443,-73.6544949,
4295,786.0,LaSalle / 37e avenue,45.4163102,-73.6129159,
4296,788.0,Bennett / Pierre-de-Coubertin,45.5581597,-73.5484001,
4297,790.0,Métro de Castelnau (de Castelnau / St-Laurent),45.5357088,-73.6196235,
4298,834.0,Graham / Wicksteed,45.5169365,-73.640483,
4299,835.0,Melville / de Maisonneuve,45.4818402,-73.595379,
4300,836.0,de la Pépinière / Pierre-de-Coubertin,45.5762592,-73.5383123,
4301,837.0,de Maisonneuve / Aylmer (ouest),45.505063,-73.5706812,
4302,838.0,Drolet / Marie-Anne,45.5224026,-73.5811767,
4303,840.0,des Bassins / Richmond,45.487531,-73.56507,
4304,841.0,de Laprairie / Centre,45.4813667,-73.5643189,
4305,842.0,Graham / Kindersley,45.51405,-73.6472556,
4306,843.0,Glengarry / Graham,45.50919,-73.6603206,
4307,845.0,Garnier / St-Grégoire,45.5358344,-73.5870212,
4308,846.0,Chabot / Villeray,45.5522894,-73.6130065,
4309,851.0,18e avenue / St-Joseph Lachine,45.4329767,-73.6808154,
4310,852.0,Eleanor / Ottawa,45.4924627,-73.5607839,
4311,855.0,Clark / Ontario,45.5106246,-73.5669033,
4312,856.0,Smith / Peel,-1.0,-1.0,
4313,858.0,Henri-Julien / de Bellechasse,45.5295036,-73.6048646,
4314,859.0,Campus MIL (Outremont / Thérèse-Lavoie Roux),45.5231722,-73.6180971,
4315,860.0,Parc Jean-Drapeau (Chemin Macdonald),45.5128006,-73.5311159,
4316,862.0,St-Charles / St-Sylvestre,45.5363438,-73.5127777,
4317,864.0,Métro Villa-Maria (de Monkland / Décarie),45.4789684,-73.6195993,
4318,865.0,Jeanne-Mance / Laurier,45.5201249,-73.5952138,
4319,866.0,des Ormeaux / Notre-Dame,45.5992655,-73.5122607,
4320,868.0,10e avenue / Holt,45.5519116,-73.5792112,
4321,869.0,Christophe-Colomb / St-Joseph,45.5303649,-73.5843927,
4322,873.0,Clark / St-Zotique,45.531611,-73.6133498,
4323,874.0,St-Gérard / Villeray,45.5426454,-73.6224445,
4324,876.0,Plessis / Logan,45.5217675,-73.5571025,
4325,880.0,des Soeurs-Grises / Marguerite-d'Youville,45.4987648,-73.5544766,
4326,881.0,Jeanne-Mance / Bernard,45.5244504,-73.6051744,
4327,884.0,de Castelnau / Lajeunesse,45.5403962,-73.6168179,
4328,886.0,Fullum / Holt,45.5439195,-73.5842489,
4329,887.0,3e avenue / Holt,45.5480035,-73.5813899,
4330,888.0,Mozart / Waverly,45.5315651,-73.6169464,
4331,890.0,Boucher / St-Denis,45.5278492,-73.5918613,
4332,891.0,5e avenue / Masson,45.5475583,-73.5754719,
4333,892.0,des Érables / Dandurand,45.5413694,-73.583974,
4334,893.0,René-Lévesque / 9e avenue,45.6407393,-73.5008258,
4335,895.0,Bloomfield / Jean-Talon,45.5274603,-73.6241752,
4336,897.0,Gilford / Parthenais,45.5378393,-73.5748386,
4337,898.0,Louis-Hémon / Jean-Talon,45.5517743,-73.6034784,
4338,899.0,de Grosbois / Ducheneau,45.6112307,-73.5312416,
4339,901.0,Notre-Dame-de-Grâce / Westmount,45.4804701,-73.6112161,
4340,903.0,Sherbrooke / Vignal,45.4898298,-73.5896777,
4341,904.0,Marmier,45.5310066,-73.5987988,
4342,906.0,Parc Ludger-Duvernay (St-André / St-Hubert),45.5314746,-73.5924205,
4343,907.0,Métro Pie-IX (Pierre-de-Coubertin / De La Salle),45.5552411,-73.5508221,
4344,908.0,Lajeunesse / de Liège,45.5455805,-73.6349,
4345,909.0,de Chateaubriand / Leman,45.5472345,-73.6310256,
4346,910.0,Fullum / Marie-Anne,45.5365054,-73.5680392,
4347,911.0,Rose-de-Lima / Workman,45.4802642,-73.5809936,
4348,912.0,Grey / Sherbrooke,45.4763443,-73.6062594,
4349,913.0,Parc Benny (Benny / de Monkland),45.4669357,-73.6315311,
4350,914.0,Earnscliffe / Queen-Mary,45.4818451,-73.6303738,
4351,915.0,McLynn / Plamondon,45.4891131,-73.6470129,
4352,916.0,St-Cyril / Wiseman,45.5208548,-73.6157396,
4353,917.0,Boyer / Everett,45.5432845,-73.6162861,
4354,918.0,Crescent / René-Lévesque,45.4959617,-73.5732535,
4355,919.0,des Récollets / McGill,45.5008765,-73.5590056,
4356,921.0,Fullum / de Rouen,45.5321322,-73.5587601,
4357,922.0,Aréna Rodrigue-Gilbert (du Tricentenaire / de Montigny),45.6514058,-73.5004127,
4358,923.0,Fullum / Ontario,45.5303174,-73.5548669,
4359,924.0,Place du Village-de-la-Pointe-aux-Trembles (St-Jean-Baptiste / Notre-Dame),45.6400029,-73.490113,
4360,925.0,la Fontaine / Alexandre-de-Sève,45.5233037,-73.5579997,
4361,926.0,Cégep Marie-Victorin,45.6174998,-73.6060113,
4362,927.0,Hôpital Sacré-Coeur (Forbes),45.5319436,-73.7136054,
4363,928.0,Place Rodolphe-Rousseau (Gohier / Édouard-Laurin),45.5129939,-73.6824985,
4364,929.0,Molson / William-Tremblay,45.5415485,-73.5650124,
4365,930.0,Messier / St-Joseph,45.5394606,-73.5760564,
4366,931.0,Ateliers municipaux de St-Laurent (Cavendish / Poirier),45.5061758,-73.7111861,
4367,932.0,Centre des loisirs (Tassé / Grenet),45.5147343,-73.691449,
4368,934.0,McKenna / Édouard-Montpetit,45.5011651,-73.6205475,
4369,935.0,St-Catherine / St-Laurent,45.5099315,-73.5638067,
4370,936.0,Du Quesne / Pierre-de-Coubertin,45.5750536,-73.5389322,
4371,937.0,Ste-Claire / Pierre-Tétreault,45.6019133,-73.5244185,
4372,938.0,Richmond / des Bassins,45.4875216,-73.565003,
4373,940.0,St-Joseph /21e avenue Lachine,45.4335565,-73.6840434,
4374,941.0,André-Laurendeau / Rachel,45.5428981,-73.561846,
4375,942.0,des Érables / Laurier,45.5384608,-73.5776791,
4376,943.0,Clark / St-Viateur,45.5251603,-73.5992467,
4377,944.0,Robin / 15e rue,45.5594955,-73.6989176,
4378,945.0,Legrand / Cartier,45.552298,-73.7073827,
4379,946.0,Parc nature de l'Île-de-la-Visitation (Gouin / de Bruchési),45.5783318,-73.655954,
4380,947.0,De la Commune / King,45.4975038,-73.5528445,
4381,948.0,Parc Henri-Julien (Legendre / Henri-Julien),45.5460356,-73.6465985,
4382,949.0,Mackay / Sainte-Catherine,45.4957609,-73.5768262,
4383,950.0,Place d'Youville / McGill,45.4999647,-73.5561544,
4384,951.0,Sainte-Catherine / Union,45.5036663,-73.5695761,
4385,952.0,Place du Canada ( Peel / de la Gauchetière),45.4986055,-73.5692275,
4386,953.0,Guizot / Clark,45.5396786,-73.6345875,
4387,954.0,Ste-Catherine / Union,45.5036663,-73.5695761,
4388,955.0,St-Christophe / René-Lévesque,45.5149464,-73.5562329,
4389,956.0,Parc de Dieppe,45.5018635,-73.543961,
4390,957.0,De Lanaudière / du Mont-Royal,45.5302211,-73.5769965,
4391,958.0,Panet / Ste-Catherine,45.5199567,-73.5548166,
4392,959.0,Ann / Ottawa,45.4949697,-73.558042,
4393,960.0,Sainte-Catherine / Parthenais,45.5262351,-73.54895,
4394,961.0,Terminus Newman (Airlie / Lafleur),45.4250597,-73.6495992,
4395,962.0,2e avenue / Centrale,45.4328944,-73.5968529,
4396,963.0,Travaux publics LaSalle (Cordner / Léger),45.4452719,-73.6244836,
4397,964.0,Lapierre / Serge,45.4385441,-73.6202163,
4398,965.0,Brittany / Ainsley,45.5258899,-73.6500344,
4399,966.0,Gloria / Dollard,45.429711,-73.6338834,
4400,967.0,Métro Lionel-Groulx (Walker / Saint-Jacques),45.4832209,-73.5807636,
4401,968.0,Palm / St-Rémi,45.470366,-73.589816,
4402,969.0,Jeanne Le Moyne / Jacques-Le Ber,45.4718801,-73.5379797,
4403,970.0,d'Orléans / du Mont-Royal,45.554133,-73.560226,
4404,971.0,Parc Loyola (Somerled / Doherty),45.460023,-73.644442,
4405,972.0,Parc Van Horne (de la Peltrie / de Westbury),45.4904723,-73.6385324,
4406,973.0,de la Rotonde / Jacques-Le Ber,45.4718801,-73.5379797,
4407,974.0,Parc de la Confédération (Fielding / West Hill),45.471882,-73.6400217,
4408,975.0,Parc MacDonald (Earnscliffe / Dupuis),45.484919,-73.6374146,
4409,976.0,REV (Souligny / Desmarteau),45.6046208,-73.5159963,
4410,977.0,CHU Sainte-Justine (Côte Sainte-Catherine / Hudson),45.5039817,-73.6228395,
4411,978.0,CHU Sainte-Justine (de la Côte Sainte-Catherine / Hudson),45.5039817,-73.6228395,
4412,979.0,des Ormeaux / de Grosbois,45.6059017,-73.5343695,
4413,980.0,Champdoré / de Lorimier,45.5668693,-73.6410168,
4414,981.0,Parc Labelle (Lasalle/ Henri Duhamel),45.472561,-73.5699892,
4415,982.0,Monk / de Biencourt,45.4584299,-73.5960603,
4416,983.0,Egan / Laurendeau,45.4528579,-73.5892488,
4417,984.0,Dorion / Rachel,45.531634,-73.5682458,
4418,985.0,Parc Villeray (Christophe-Colomb / Jarry),45.5480925,-73.624261,
4419,986.0,de Léry / Sherbrooke,45.5409997,-73.5582626,
4420,987.0,St-Charles / Thomas-Keefer,45.477605,-73.573775,
4421,988.0,Monsabré / Boileau,45.5717982,-73.5415497,
4422,989.0,Parc Georges St-Pierre (Oxford / Upper Lachine),45.4689119,-73.6095089,
4423,990.0,Aylmer/ Sainte-Catherine,45.5043468,-73.5689485,
4424,991.0,St-Henri / Gauvin,45.5002783,-73.5598773,
4425,992.0,St-Henri / Notre-Dame,45.5002783,-73.5598773,
4426,993.0,de Grosbois / Duchesneau,45.6112307,-73.5312416,
4427,994.0,Parc Labelle (LaSalle / Henri-Duhamel),45.472561,-73.5699892,
4428,995.0,8e avenue / Everett,45.5648113,-73.5958041,
4429,996.0,Lacombe / Victoria,45.490628,-73.628878,
4430,997.0,Parc MacDonald (Clanranald / Isabella),45.4826927,-73.6348128,
4431,998.0,St-Ambroise / Louis-Cyr,45.4751933,-73.5809433,
4432,999.0,Parc de Beauséjour (Gouin / Henri-d'Arles),45.526765,-73.730423,
4433,1000.0,Parc Champdoré (Champdoré / de Lille),45.5691762,-73.6362934,
4434,1002.0,Vendôme / Sherbrooke,45.475963,-73.6072344,
4435,1003.0,Parc Tino-Rossi (18e avenue / Everett),45.5648113,-73.5958041,
4436,1004.0,Stinson / Montpellier,45.5040143,-73.7044269,
4437,1005.0,Villeneuve / St-Denis,45.5251147,-73.586006,
4438,1006.0,Place du Canada (Peel / de la Gauchetière),45.4984678,-73.5684335,
4439,1007.0,Aylmer / Ste-Catherine,45.5043468,-73.5689485,
4440,1008.0,Ste-Catherine / Parthenais,45.5262351,-73.54895,
4441,1009.0,de Lanaudière / du Mont-Royal,45.5302211,-73.5769965,
4442,1010.0,Métro Pie-IX (Pierre-de-Coubertin / de la Salle),45.5552411,-73.5508221,
4443,1011.0,St-Joseph / 21e avenue Lachine,45.4335565,-73.6840434,
4444,1012.0,Parc Georges St-Pierre (Upper Lachine / Oxford),45.4690265,-73.609537,
4445,1013.0,Everett / 8e avenue,45.5575132,-73.6017948,
4446,1014.0,Robert Bourassa / Sainte-Catherine,45.5032151,-73.5699785,
4447,1015.0,Robert-Bourassa / Ste-Catherine,45.5032151,-73.5699785,
4448,1016.0,Parc Howard (de l'Épée / de Liège),45.5616903,-73.610512,
4449,1017.0,Sabrevois / des Récollets,45.5832879,-73.6327636,
4450,1018.0,Boyer / Rachel,45.5252551,-73.5752406,
4451,1019.0,Bishop/ René-Lévesque,45.4953231,-73.5738867,
4452,1020.0,Parc Maisonneuve (Viau / Sherbrooke),45.5649368,-73.5555911,
4453,1021.0,Duchesneau/Marseille,45.6096263,-73.522739,
4454,1022.0,Duchesneau / Marseille,45.6096263,-73.522739,
4455,1023.0,Mansfield / Cathcart,45.5007599,-73.5704827,
4456,1024.0,6e avenue / Bélanger,45.5545638,-73.5961568,
4457,1025.0,Marquette / Gilford,45.5338507,-73.5789116,
4458,1026.0,Duchesneau / de Marseille,45.6096263,-73.522739,
4459,1027.0,St-Antoine / de la Montagne,45.4953717,-73.5685891,
4460,1028.0,Berri/ Duluth,45.5216853,-73.5749415,
4461,1029.0,Métro Lionel-Groulx (Saint-Jacques/ Atwater),45.4836285,-73.5797026,
4462,1030.0,Bishop / René-Lévesque,45.4953231,-73.5738867,
4463,1031.0,Berri / Duluth,45.5216853,-73.5749415,
4464,1032.0,Parc des Hirondelles (Fleury / André-Jobin),45.5760003,-73.6467648,
4465,1033.0,Parc Baldwin (Fullum / Sherbrooke),45.5340705,-73.5626507,
4466,1034.0,Parc Père-Marquette (de Lanaudière / de Bellechasse),45.539324,-73.5958784,
4467,1036.0,Dixie / 53e avenue,45.4433506,-73.7169045,
4468,1037.0,Alexis-Nihon / St-Louis,45.5003388,-73.6826205,
4469,1038.0,Parc Marlborough (Beauzèle / Robichaud),45.5223415,-73.7216789,
4470,1039.0,Fleury / de St-Firmin,45.5705064,-73.6517805,
4471,1040.0,Parc Reine-Élizabeth (Penniston / Crawford),45.4391447,-73.5917366,
4472,1041.0,Parc du Pélican (1ère avenue / Masson),45.5451997,-73.5764507,
4473,1042.0,Hutchison / Beaumont,45.5284463,-73.6187021,
4474,1043.0,Dandurand / des Érables,45.5408227,-73.5842103,
4475,1044.0,Gilford / des Érables,45.5375266,-73.5751244,
4476,1045.0,Parc Langelier - Marie-Victorin,45.6144298,-73.6122333,
4477,1046.0,Robin / de la Visitation,45.5209227,-73.5591772,
4478,1047.0,Parc Hébert ( Provencher / Buies),45.5716274,-73.5920477,
4479,1048.0,41e avenue / Victoria,45.440347,-73.7023133,
4480,1049.0,Métro Snowdon (Dornal / Westbury),45.4856314,-73.6287649,
4481,1050.0,Parc Ivan-Franko (33e avenue / Victoria),45.43746,-73.6935318,
4482,1051.0,19e avenue / Saint-Antoine,45.4397787,-73.6813706,
4483,1052.0,Parc Maurice Bélanger (Forest / de l'Hôtel-de-Ville),45.5883561,-73.6317122,
4484,1053.0,Pratt / Bates,45.5169478,-73.6263156,
4485,1054.0,McCulloch / de la Côte Ste-Catherine,45.5157751,-73.6006093,
4486,1055.0,Parc Sauvé (Balzac / de Bayonne),45.5990861,-73.6369479,
4487,1056.0,Ste-Catherine / Sanguinet,45.5128938,-73.5612479,
4488,1057.0,de Côme / Jean-Talon,45.588303,-73.5778372,
4489,1058.0,Wellington / 2e avenue,45.4575911,-73.5675594,
4490,1059.0,Wellington / Hickson,45.4650577,-73.5667753,
4491,1060.0,Legrand / Laurier,45.5502232,-73.7054669,
4492,1061.0,Parc Hébert (Provencher / Buies),45.5716274,-73.5920477,
4493,1062.0,Beurling / Godin,45.4479158,-73.5838187,
4494,1063.0,Letourneaux / Ste-Catherine,45.5507836,-73.5341,
4495,1064.0,8e avenue / Saint-Joseph Lachine,45.4316481,-73.6711246,
4496,1065.0,Laurier / Parisi,45.549783,-73.7063098,
4497,1066.0,Dorion / Gauthier,45.5306736,-73.5662503,
4498,1067.0,Chabot / Laurier,45.5368558,-73.5793731,
4499,1068.0,Métro Fabre (Marquette / Jean-Talon),45.5474078,-73.6076689,
4500,1069.0,Métro Plamondon (de Kent / Victoria),45.494564,-73.638702,
4501,1070.0,Métro Place-des-Arts (du Président-Kennedy / Jeanne-Mance),45.5082046,-73.5688144,
4502,1071.0,Letourneux / Ste-Catherine,45.5507836,-73.5341,
4503,1072.0,Métro Jarry (Lajeunesse / Jarry),45.5435597,-73.627772,
4504,1073.0,Gilford / St-Denis,45.5251147,-73.586006,
4505,1074.0,Sicard / Adam,45.5548617,-73.5327172,
4506,1075.0,Parc Maurice Bélanger (Hebert / Forest),45.5880822,-73.6322231,
4507,1076.0,Durocher / Beaumont,45.5280002,-73.6192358,
4508,1077.0,Marie-Anne / Papineau,45.5317737,-73.5724462,
4509,1078.0,Parc du Pélican (Laurier/ 2e avenue),45.5449577,-73.5728859,
4510,1079.0,Saint-Viateur / Casgrain,45.5271166,-73.5977359,
4511,1080.0,Maguire / Saint-Dominique,45.5252675,-73.5952374,
4512,1081.0,Monk / Jacques-Hertel,45.4597531,-73.5964214,
4513,1082.0,Péloquin / Fleury,45.5570222,-73.6599016,
4514,1083.0,de l’hôtel de ville / Saint-Joseph,45.5242771,-73.5892904,
4515,1084.0,Des Érables / Villeray,45.5539483,-73.6115748,
4516,1085.0,Parc Henri-Durant (Léger / Henri-Durant),45.5684396,-73.6752021,
4517,1086.0,Parc Chopin (Dumouchel / Tessier),45.5707266,-73.737086,
4518,1087.0,27e avenue / Rosemont,45.5636787,-73.5716045,
4519,1088.0,de l'Hôtel-de-Ville / St-Joseph,45.5242771,-73.5892904,
4520,1089.0,St-Viateur / Casgrain,45.5271166,-73.5977359,
4521,1090.0,Métro Beaudry (Montcalm / de Maisonneuve),45.519132,-73.5578897,
4522,1091.0,Durocher / St-Viateur,45.5207958,-73.6032707,
4523,1092.0,de Normanville / Beaubien,45.5392943,-73.6004199,
4524,1093.0,Querbes / Ball,45.5311169,-73.6322325,
4525,1094.0,Sanguinet / Sainte-Catherine,45.5128612,-73.5615949,
4526,1095.0,Langelier / Marie-Victorin,45.6145192,-73.6122447,
4527,1096.0,Drummond / Sherbrooke,45.5003924,-73.578168,
4528,1098.0,Chomedey / Lincoln,45.4922268,-73.5847816,
4529,1099.0,Parc Dixie (54e avenue / Dixie),45.442397,-73.7176502,
4530,1100.0,Parc Outremont (Bloomfield / St-Viateur),45.5190491,-73.6049806,
4531,1101.0,de Rouen / Lespérance,45.5386271,-73.5528392,
4532,1102.0,Ropery / Grand Trunk,45.4786714,-73.565705,
4533,1103.0,Parc Wilfrid-Bastien (Lacordaire / des Galets),45.5864002,-73.5952181,
4534,1104.0,Parc Delorme (Malouin / Laferté),45.5904902,-73.5902694,
4535,1105.0,Parc St-Laurent (Salk / Thomas-Chapais),45.6062348,-73.6287838,
4536,1106.0,Parc Saint-Laurent (Dutrisac),45.5259138,-73.6891115,
4537,1107.0,Parc Beaulac (rue Élizabeth),45.5200557,-73.6779515,
4538,1108.0,CHSLD St-Michel (8e avenue / Jarry),45.5616903,-73.610512,
4539,1109.0,Mairie d'arrondissement Montréal-Nord (Hébert / de Charleroi),45.593985,-73.6376721,
4540,1110.0,Parc Luigi-Pirandello (de Bretagne / Jean-Rivard),45.5794057,-73.6025888,
4541,1111.0,Parc LaSalle (10e avenue / Victoria),45.4380555,-73.6727393,
4542,1112.0,Parc Stoney-Point (St-Joseph / 47e avenue),45.4365683,-73.7083697,
4543,1113.0,Parc riverain de Lachine (des Iroquois),45.4305431,-73.6690244,
4544,1114.0,Bibliothèque Jean-Corbeil (Goncourt / Place Montrichard),45.6027276,-73.5579303,
4545,1115.0,Aréna Chaumont (Chaumont / des Ormeaux),45.6109266,-73.5467345,
4546,1116.0,Parc Chamberland (Dorais / de l'Église),45.502989,-73.689113,
4547,1117.0,Parc Noel-Nord (Toupin / Keller),45.5175831,-73.7266141,
4548,1118.0,Parc du Bois-Franc (de l'Équateur / des Andes),45.5131776,-73.7130609,
4549,1119.0,Parc Grovehill (St-Antoine / Ivan-Franko),45.4398238,-73.6948782,
4550,1120.0,Parc Kirkland (des Érables / Boyer),45.4460609,-73.6507995,
4551,1121.0,Parc Painter (Marcotte / Quenneville),45.5286305,-73.6773124,
4552,1122.0,Parc Beaubien (Stuart / St-Viateur),45.516181,-73.6085433,
4553,1123.0,Bibliothèque d'Ahuntsic (Lajeunesse / Fleury),45.5534001,-73.6622545,
4554,1124.0,La Tour de Montréal (Pierre-de-Coubertin / Bennett),45.5597053,-73.5515544,
4555,1125.0,CCI Outremont (Dollard / Durcharme),45.5200191,-73.6189073,
4556,1126.0,Terminus Le Carrefour (Terry-Fox / Le Carr),45.5684203,-73.7468728,
4557,1127.0,Notre-Dame / Murray,45.4941979,-73.5637477,
4558,1128.0,Parc Summerlea (53e avenue / St-Joseph),45.4383671,-73.7154669,
4559,1129.0,Labelle / Ste-Catherine,45.5149954,-73.5591692,
4560,1130.0,de Normanville / Jean-Talon,45.5439624,-73.6107682,
4561,1131.0,Robert-Bourassa / de Maisonneuve,45.503858,-73.5710943,
4562,1132.0,Parc Ottawa (de Belleville / Fleury),45.58116,-73.6412434,
4563,1133.0,Parc Turin (Chambord / Jean-Talon),45.5446806,-73.6101606,
4564,1134.0,Parc St-Paul (Marc-Sauvalle / Le Caron),45.4617012,-73.5840715,
4565,1135.0,du Mont-Royal / Laurendeau,45.5444714,-73.5672507,
4566,1136.0,Terminus Le Carrefour (Terry-Fox / Le Carrefour),45.5684203,-73.7468728,
4567,1137.0,Métro Lionel-Groulx (St-Jacques / Atwater),45.4836285,-73.5797026,
4568,1138.0,Maguire / St-Dominique,45.5252675,-73.5952374,
4569,1139.0,CHU Ste-Justine (de la Côte Ste-Catherine / Hudson),45.5039817,-73.6228395,
4570,1140.0,Parc St-Laurent (Dutrisac),45.5259138,-73.6891115,
4571,,LaSalle / 90e avenue,45.417294,-73.6443,9.0
